timestamp [ns], image_name
0, empty.png
400000000, empty.png
800000000, empty.png
1200000000, empty.png
1600000000, empty.png
2000000000, empty.png
2400000000, empty.png
2800000000, empty.png
3200000000, empty.png
3600000000, empty.png
4000000000, empty.png
4400000000, empty.png
4800000000, empty.png
5200000000, empty.png
5600000000, empty.png
6000000000, empty.png
6400000000, empty.png
6800000000, empty.png
7200000000, empty.png
7600000000, empty.png
8000000000, empty.png
8400000000, empty.png
8800000000, empty.png
9200000000, empty.png
9600000000, empty.png
10000000000, empty.png
10400000000, empty.png
10800000000, empty.png
11200000000, empty.png
11600000000, empty.png
12000000000, empty.png
12400000000, empty.png
12800000000, empty.png
13200000000, empty.png
13600000000, empty.png
14000000000, empty.png
14400000000, empty.png
14800000000, empty.png
15200000000, empty.png
15600000000, empty.png
16000000000, empty.png
16400000000, empty.png
16800000000, empty.png
17200000000, empty.png
17600000000, empty.png
18000000000, empty.png
18400000000, empty.png
18800000000, empty.png
19200000000, empty.png
19600000000, empty.png
20000000000, empty.png
20400000000, empty.png
20800000000, empty.png
21200000000, empty.png
21600000000, empty.png
22000000000, empty.png
22400000000, empty.png
22800000000, empty.png
23200000000, empty.png
23600000000, empty.png
24000000000, empty.png
24400000000, empty.png
24800000000, empty.png
25200000000, empty.png
25600000000, empty.png
26000000000, empty.png
26400000000, empty.png
26800000000, empty.png
27200000000, empty.png
27600000000, empty.png
28000000000, empty.png
28400000000, empty.png
28800000000, empty.png
29200000000, empty.png
29600000000, empty.png
30000000000, empty.png
30400000000, empty.png
30800000000, empty.png
31200000000, empty.png
31600000000, empty.png
32000000000, empty.png
32400000000, empty.png
32800000000, empty.png
33200000000, empty.png
33600000000, empty.png
34000000000, empty.png
34400000000, empty.png
34800000000, empty.png
35200000000, empty.png
35600000000, empty.png
36000000000, empty.png
36400000000, empty.png
36800000000, empty.png
37200000000, empty.png
37600000000, empty.png
38000000000, empty.png
38400000000, empty.png
38800000000, empty.png
39200000000, empty.png
39600000000, empty.png
40000000000, empty.png
40400000000, empty.png
40800000000, empty.png
41200000000, empty.png
41600000000, empty.png
42000000000, empty.png
42400000000, empty.png
42800000000, empty.png
43200000000, empty.png
43600000000, empty.png
44000000000, empty.png
44400000000, empty.png
44800000000, empty.png
45200000000, empty.png
45600000000, empty.png
46000000000, empty.png
46400000000, empty.png
46800000000, empty.png
47200000000, empty.png
47600000000, empty.png
48000000000, empty.png
48400000000, empty.png
48800000000, empty.png
49200000000, empty.png
49600000000, empty.png
50000000000, empty.png
50400000000, empty.png
50800000000, empty.png
51200000000, empty.png
51600000000, empty.png
52000000000, empty.png
52400000000, empty.png
52800000000, empty.png
53200000000, empty.png
53600000000, empty.png
54000000000, empty.png
54400000000, empty.png
54800000000, empty.png
55200000000, empty.png
55600000000, empty.png
56000000000, empty.png
56400000000, empty.png
56800000000, empty.png
57200000000, empty.png
57600000000, empty.png
58000000000, empty.png
58400000000, empty.png
58800000000, empty.png
59200000000, empty.png
59600000000, empty.png
60000000000, empty.png
60400000000, empty.png
60800000000, empty.png
61200000000, empty.png
61600000000, empty.png
62000000000, empty.png
62400000000, empty.png
62800000000, empty.png
63200000000, empty.png
63600000000, empty.png
64000000000, empty.png
64400000000, empty.png
64800000000, empty.png
65200000000, empty.png
65600000000, empty.png
66000000000, empty.png
66400000000, empty.png
66800000000, empty.png
67200000000, empty.png
67600000000, empty.png
68000000000, empty.png
68400000000, empty.png
68800000000, empty.png
69200000000, empty.png
69600000000, empty.png
70000000000, empty.png
70400000000, empty.png
70800000000, empty.png
71200000000, empty.png
71600000000, empty.png
72000000000, empty.png
72400000000, empty.png
72800000000, empty.png
73200000000, empty.png
73600000000, empty.png
74000000000, empty.png
74400000000, empty.png
74800000000, empty.png
75200000000, empty.png
75600000000, empty.png
76000000000, empty.png
76400000000, empty.png
76800000000, empty.png
77200000000, empty.png
77600000000, empty.png
78000000000, empty.png
78400000000, empty.png
78800000000, empty.png
79200000000, empty.png
79600000000, empty.png
80000000000, empty.png
80400000000, empty.png
80800000000, empty.png
81200000000, empty.png
81600000000, empty.png
82000000000, empty.png
82400000000, empty.png
82800000000, empty.png
83200000000, empty.png
83600000000, empty.png
84000000000, empty.png
84400000000, empty.png
84800000000, empty.png
85200000000, empty.png
85600000000, empty.png
86000000000, empty.png
86400000000, empty.png
86800000000, empty.png
87200000000, empty.png
87600000000, empty.png
88000000000, empty.png
88400000000, empty.png
88800000000, empty.png
89200000000, empty.png
89600000000, empty.png
90000000000, empty.png
90400000000, empty.png
90800000000, empty.png
91200000000, empty.png
91600000000, empty.png
92000000000, empty.png
92400000000, empty.png
92800000000, empty.png
93200000000, empty.png
93600000000, empty.png
94000000000, empty.png
94400000000, empty.png
94800000000, empty.png
95200000000, empty.png
95600000000, empty.png
96000000000, empty.png
96400000000, empty.png
96800000000, empty.png
97200000000, empty.png
97600000000, empty.png
98000000000, empty.png
98400000000, empty.png
98800000000, empty.png
99200000000, empty.png
99600000000, empty.png
100000000000, empty.png
100400000000, empty.png
100800000000, empty.png
101200000000, empty.png
101600000000, empty.png
102000000000, empty.png
102400000000, empty.png
102800000000, empty.png
103200000000, empty.png
103600000000, empty.png
104000000000, empty.png
104400000000, empty.png
104800000000, empty.png
105200000000, empty.png
105600000000, empty.png
106000000000, empty.png
106400000000, empty.png
106800000000, empty.png
107200000000, empty.png
107600000000, empty.png
108000000000, empty.png
108400000000, empty.png
108800000000, empty.png
109200000000, empty.png
109600000000, empty.png
110000000000, empty.png
110400000000, empty.png
110800000000, empty.png
111200000000, empty.png
111600000000, empty.png
112000000000, empty.png
112400000000, empty.png
112800000000, empty.png
113200000000, empty.png
113600000000, empty.png
114000000000, empty.png
114400000000, empty.png
114800000000, empty.png
115200000000, empty.png
115600000000, empty.png
116000000000, empty.png
116400000000, empty.png
116800000000, empty.png
117200000000, empty.png
117600000000, empty.png
118000000000, empty.png
118400000000, empty.png
118800000000, empty.png
119200000000, empty.png
119600000000, empty.png
