landmark_id, x [m], y [m], z [m]
0, -5.0000000000, -3.6845290661, 0.1965351105
1, -5.0000000000, 2.2843079567, 1.4611496925
2, -5.0000000000, -2.7146646976, 0.6885473728
3, -5.0000000000, 0.8223381042, -0.6299085617
4, -5.0000000000, 3.8853540421, 0.6875934601
5, -5.0000000000, -0.6302790642, 0.8084316254
6, -5.0000000000, -3.1346945763, -0.7566385269
7, -5.0000000000, 2.5966620445, 0.4125475883
8, -5.0000000000, 2.1785778999, 1.0687417984
9, -5.0000000000, 0.7967896461, -2.4993610382
10, -5.0000000000, 1.5098323822, -1.1882072687
11, -5.0000000000, 0.6055259705, -1.7707902193
12, -5.0000000000, 4.0632791519, -0.6779398918
13, -5.0000000000, -1.4988930225, 1.6716837883
14, -5.0000000000, -3.5278162956, 1.5807957649
15, -5.0000000000, -3.2088031769, -2.6475162506
16, -5.0000000000, -2.2135989666, 1.9162926674
17, -5.0000000000, -1.7956285477, -0.6071252823
18, -5.0000000000, -0.6372385025, -2.5282182693
19, -5.0000000000, -4.4757800102, -0.4558868408
20, -5.0000000000, -3.6753523350, 1.9339537621
21, -5.0000000000, -4.0685548782, -1.8306483030
22, -5.0000000000, 4.8730363846, -0.9498417377
23, -5.0000000000, 0.0478806496, -2.2379584312
24, -5.0000000000, -2.9235396385, -1.0174810886
25, -5.0000000000, -0.0329909325, -0.8455829620
26, -5.0000000000, 4.1991910934, 0.9570994377
27, -5.0000000000, -1.8584465981, 0.8568642139
28, -5.0000000000, 3.8000898361, 1.9504575729
29, -5.0000000000, -3.1079597473, -0.4026274681
30, -5.0000000000, 4.1155109406, -2.7686538696
31, -5.0000000000, 3.3391284943, -1.4255895615
32, -5.0000000000, -2.6141757965, -2.0548162460
33, -5.0000000000, -1.0497066975, 1.1057133675
34, -5.0000000000, -0.8969340324, -0.5462474823
35, -5.0000000000, -1.8802356720, 1.4094448090
36, -5.0000000000, 1.7306909561, -2.0839769840
37, -5.0000000000, -1.6523692608, -1.3715054989
38, -5.0000000000, 0.6864094734, -2.8871090412
39, -5.0000000000, -0.0323405266, -0.6028449535
40, -5.0000000000, 1.5884327888, 1.0523443222
41, -5.0000000000, 0.1869125366, 1.1277041435
42, -5.0000000000, -3.7099647522, -1.6546323299
43, -5.0000000000, 3.8224649429, 0.3340342045
44, -5.0000000000, -2.2368409634, -0.6807789803
45, -5.0000000000, -2.2261588573, -2.3665816784
46, -5.0000000000, 1.3162646294, 0.0819547176
47, -5.0000000000, -3.8108935356, 1.7267107964
48, -5.0000000000, -3.4544229507, -2.0978837013
49, -5.0000000000, 3.1721191406, -0.6120347977
50, -5.0000000000, -0.1069149971, -1.1678680182
51, -5.0000000000, -1.1928892136, -0.0761821270
52, -5.0000000000, 3.6635179520, 0.5850398540
53, -5.0000000000, 3.8609390259, 1.0433769226
54, -5.0000000000, 2.3891935349, -2.7083017826
55, -5.0000000000, -3.2040667534, -1.0858646631
56, -5.0000000000, -4.7798604965, 1.2416119576
57, -5.0000000000, -1.2573652267, 0.8897483349
58, -5.0000000000, 2.8945760727, -1.2219358683
59, -5.0000000000, -4.2561721802, 0.5475933552
60, -5.0000000000, -0.7628746033, -2.9979517460
61, -5.0000000000, 3.0395088196, -0.2990617752
62, -5.0000000000, 4.0487518311, 1.6591157913
63, -5.0000000000, -3.1480975151, 1.7503805161
64, -5.0000000000, -1.0965952873, -0.4052603245
65, -5.0000000000, -3.6942749023, -2.4872221947
66, -5.0000000000, 3.4038705826, -1.0666248798
67, -5.0000000000, 4.1052589417, 1.5091505051
68, -5.0000000000, -3.8644366264, -0.1410679817
69, -5.0000000000, -0.3577027321, 0.7013952732
70, -5.0000000000, -4.8101258278, -0.2049248219
71, -5.0000000000, 0.0771813393, -0.2861909866
72, -5.0000000000, 4.9603595734, 0.7962515354
73, -5.0000000000, 2.5392146111, -2.1776652336
74, -5.0000000000, -4.5205402374, -1.7454421520
75, -5.0000000000, -4.9038696289, 0.7019670010
76, -5.0000000000, -1.9753093719, -0.4554631710
77, -5.0000000000, -0.0334978104, -2.4644324780
78, -5.0000000000, 0.2276964188, -1.7065719366
79, -5.0000000000, 0.0198330879, -0.8389983177
80, -5.0000000000, 4.7921943665, -1.2770639658
81, -5.0000000000, 0.7914505005, -0.9377815723
82, -5.0000000000, 3.1979427338, -1.8311758041
83, -5.0000000000, 3.6170558929, 0.5938382149
84, -5.0000000000, 4.9843959808, 0.6510615349
85, -5.0000000000, -0.0353288651, 1.4890999794
86, -5.0000000000, 3.2084054947, 0.1720092297
87, -5.0000000000, 1.3791456223, 0.6186556816
88, -5.0000000000, 4.3749494553, 1.1568808556
89, -5.0000000000, -3.0755925179, -0.0126271248
90, -5.0000000000, 3.5849332809, 0.5567696095
91, -5.0000000000, -1.4212915897, -1.9514180422
92, -5.0000000000, 4.7034349442, -0.2997565269
93, -5.0000000000, 2.9146451950, 1.2322916985
94, -5.0000000000, 1.2513208389, 0.5192496777
95, -5.0000000000, 4.0958137512, -2.7929248810
96, -5.0000000000, 3.4667415619, -2.2046556473
97, -5.0000000000, -2.9900796413, -2.8301384449
98, -5.0000000000, -2.4848446846, -1.9137605429
99, -5.0000000000, -0.8112740517, 0.3679466248
100, -5.0000000000, -4.9193620682, 1.1341605186
101, -5.0000000000, -1.3927218914, -2.4572815895
102, -5.0000000000, 1.6074409485, 0.7152175903
103, -5.0000000000, 1.2808809280, 0.7496480942
104, -5.0000000000, -4.9854650497, -1.3271279335
105, -5.0000000000, 1.0366983414, 1.0073704720
106, -5.0000000000, -2.3707056046, -0.6698164940
107, -5.0000000000, 4.1337194443, -0.1221752167
108, -5.0000000000, 1.3879313469, 0.2848322392
109, -5.0000000000, -0.2722730637, 0.2674245834
110, -5.0000000000, 1.5242567062, 0.0105335712
111, -5.0000000000, -1.4334912300, -2.1323246956
112, -5.0000000000, -0.5201277733, -0.3695199490
113, -5.0000000000, -4.4624419212, -2.4319148064
114, -5.0000000000, 1.9736847878, -2.7552957535
115, -5.0000000000, -2.5423119068, 1.9597592354
116, -5.0000000000, 2.9051804543, -0.3901102543
117, -5.0000000000, -4.0209283829, -1.8350945711
118, -5.0000000000, 0.0421195030, -2.3419504166
119, -5.0000000000, 0.8579120636, 1.4006867409
120, -5.0000000000, 1.0957679749, -1.7178820372
121, -5.0000000000, 1.5013570786, 0.1392080784
122, -5.0000000000, 0.1841940880, -2.8338699341
123, -5.0000000000, 1.9891176224, 1.8571658134
124, -5.0000000000, -0.1043419838, -1.6121749878
125, -5.0000000000, -4.1285910606, 0.8438811302
126, -5.0000000000, -3.5677838326, -1.6588376760
127, -5.0000000000, -2.1988763809, 1.9218444824
128, -5.0000000000, -3.0931687355, 0.9281065464
129, -5.0000000000, -0.6316213608, 0.6206359863
130, -5.0000000000, -2.1369898319, -2.9160070419
131, -5.0000000000, -2.7612128258, -0.1238846779
132, -5.0000000000, 3.0163211823, -1.6586998701
133, -5.0000000000, -1.9599714279, -1.5212187767
134, -5.0000000000, -0.2195196152, -0.9484460354
135, -5.0000000000, 1.5773882866, 0.2911500931
136, -5.0000000000, -4.2243070602, -0.1232340336
137, -5.0000000000, -0.4102401733, -1.8780666590
138, -5.0000000000, 3.6044759750, -2.7862997055
139, -5.0000000000, 0.1590480804, 1.4178595543
140, -5.0000000000, 0.0912089348, -0.6758141518
141, -5.0000000000, 0.9493627548, 0.7109601498
142, -5.0000000000, -1.6011736393, -2.6087214947
143, -5.0000000000, 0.9701538086, -2.2265975475
144, -5.0000000000, 3.4038887024, 0.2324335575
145, -5.0000000000, 1.2074108124, -0.2567875385
146, -5.0000000000, -3.8311300278, -1.1467010975
147, -5.0000000000, -4.5081648827, -1.8010280132
148, -5.0000000000, -3.0858530998, 1.6437511444
149, -5.0000000000, -3.2946479321, -2.1347415447
150, -5.0000000000, -4.1875872612, -0.3102505207
151, -5.0000000000, 1.7896585464, -1.3180761337
152, -5.0000000000, -4.6016459465, 0.8438827991
153, -5.0000000000, 4.8603429794, -1.4394904375
154, -5.0000000000, 3.9839735031, 0.9688911438
155, -5.0000000000, -3.3277869225, -2.0453217030
156, -5.0000000000, 2.9672260284, -0.3464994431
157, -5.0000000000, -1.7364563942, -1.3498666286
158, -5.0000000000, 0.9583568573, -1.5048624277
159, -5.0000000000, 1.3747229576, 1.5515103340
160, -5.0000000000, 3.1433238983, 1.6318869591
161, -5.0000000000, -3.8326361179, -2.4314701557
162, -5.0000000000, -3.3022990227, -2.0407533646
163, -5.0000000000, 4.4536895752, 0.8689596653
164, -5.0000000000, 0.6257529259, -2.4822590351
165, -5.0000000000, 3.8754768372, -2.9494683743
166, -5.0000000000, 2.0621528625, -1.6505939960
167, -5.0000000000, 0.5096955299, -0.6244952679
168, -5.0000000000, 0.9761896133, -1.4889026880
169, -5.0000000000, -4.6479387283, 1.9257764816
170, -5.0000000000, 1.6096401215, -2.3856632710
171, -5.0000000000, -4.9852857590, -1.5512844324
172, -5.0000000000, -4.2360734940, 1.4234118462
173, -5.0000000000, -3.3126368523, 0.6925065517
174, -5.0000000000, 1.4550585747, -1.2963891029
175, -5.0000000000, -4.3598318100, -2.7351164818
176, -5.0000000000, -0.5468540192, 0.5264170170
177, -5.0000000000, 0.9844698906, -0.6591022015
178, -5.0000000000, 2.1052055359, 1.2951445580
179, -5.0000000000, -3.4765310287, -2.0233526230
180, -5.0000000000, 1.0248398781, 0.9636802673
181, -5.0000000000, -4.6539831161, 0.4837450981
182, -5.0000000000, 0.8217215538, -1.8376328945
183, -5.0000000000, 2.0011672974, 0.8765261173
184, -5.0000000000, -0.1798925400, -1.4655271769
185, -5.0000000000, -3.1791729927, 1.3235416412
186, -5.0000000000, -1.9180972576, 0.1592779160
187, -5.0000000000, -2.7282645702, -2.5826287270
188, -5.0000000000, -2.5614829063, -2.5082557201
189, -5.0000000000, -3.9518373013, 0.1518030167
190, -5.0000000000, -0.3452062607, -1.3593184948
191, -5.0000000000, -3.1024341583, 0.5562603474
192, -5.0000000000, 4.8072872162, -0.5444357395
193, -5.0000000000, -0.9097051620, 0.3550286293
194, -5.0000000000, -3.3557336330, -1.8253475428
195, -5.0000000000, -4.3205418587, 1.3167915344
196, -5.0000000000, -4.3574147224, 0.1886239052
197, -5.0000000000, -1.6607022285, 0.4511432648
198, -5.0000000000, 0.7417392731, -1.4171636105
199, -5.0000000000, 1.1646862030, -0.9143435955
200, -5.0000000000, -2.5799725056, -0.3731977940
201, -5.0000000000, -0.4398331642, 1.6225047112
202, -5.0000000000, 4.5176782608, -1.7011508942
203, -5.0000000000, 2.9800782204, -1.7497861385
204, -5.0000000000, -4.8624014854, -2.8283827305
205, -5.0000000000, 2.8410239220, -0.1277241707
206, -5.0000000000, 3.4864807129, -0.1515190601
207, -5.0000000000, 0.7597608566, -1.7827413082
208, -5.0000000000, 2.5468287468, -0.0579516888
209, -5.0000000000, -4.2016472816, -0.8479754925
210, -5.0000000000, -2.8814771175, 0.1385746002
211, -5.0000000000, 3.9174222946, -1.7374886274
212, -5.0000000000, 0.1483407021, -1.2288603783
213, -5.0000000000, 0.5356206894, 0.0987238884
214, -5.0000000000, -2.0980408192, -2.3208155632
215, -5.0000000000, -0.0005683899, -2.4618501663
216, -5.0000000000, -1.6559193134, 0.2636728287
217, -5.0000000000, 0.4652814865, -0.4984476566
218, -5.0000000000, -3.4548711777, -2.0522522926
219, -5.0000000000, 4.8095045090, -1.0180499554
220, -5.0000000000, 3.1783094406, -2.4748036861
221, -5.0000000000, 0.7105455399, -0.4472970963
222, -5.0000000000, 0.7248072624, -1.0649614334
223, -5.0000000000, 0.1453771591, -0.2095286846
224, -5.0000000000, 2.7955670357, 0.1998770237
225, -5.0000000000, 4.3570947647, -0.5894160271
226, -5.0000000000, 1.9136180878, 0.4434809685
227, -5.0000000000, 0.6829915047, 1.6795792580
228, -5.0000000000, 1.7672605515, -0.1927855015
229, -5.0000000000, -3.7469859123, -1.4506235123
230, -5.0000000000, 4.0651836395, 0.5663316250
231, -5.0000000000, -2.1771550179, -0.2248337269
232, -5.0000000000, 2.5942893028, 1.9476704597
233, -5.0000000000, 4.2836074829, 0.8681802750
234, -5.0000000000, 0.4238739014, -1.4325535297
235, -5.0000000000, -3.9065680504, -2.4953377247
236, -5.0000000000, 1.1701073647, 1.6807274818
237, -5.0000000000, -3.0414505005, -1.3630968332
238, -5.0000000000, -1.7757778168, -2.2699933052
239, -5.0000000000, -0.2488021851, -0.5612475872
240, -5.0000000000, 2.8591084480, -1.9885060787
241, -5.0000000000, -1.7204077244, -2.2727055550
242, -5.0000000000, -4.9160871506, -0.7463872433
243, -5.0000000000, 1.4462056160, -0.2097127438
244, -5.0000000000, -4.5101475716, -1.3907740116
245, -5.0000000000, 2.2424178123, -2.5345118046
246, -5.0000000000, 0.7711725235, -1.5854412317
247, -5.0000000000, 3.3331060410, 1.5930709839
248, -5.0000000000, 0.2548441887, -2.4466953278
249, -5.0000000000, 4.2267417908, 1.9059047699
250, -5.0000000000, 1.4828767776, -2.1997358799
251, -5.0000000000, 1.6406145096, 0.8962197304
252, -5.0000000000, 1.6515493393, 1.3674497604
253, -5.0000000000, 1.5189018250, -2.1756181717
254, -5.0000000000, 2.2043085098, -0.0894715786
255, -5.0000000000, -4.2883968353, -0.9159383774
256, -5.0000000000, -3.6452507973, 0.8514010906
257, -5.0000000000, -3.7113680840, 0.0082845688
258, -5.0000000000, 4.7416467667, 0.1674430370
259, -5.0000000000, -1.8915128708, -1.1281988621
260, -5.0000000000, -4.8331999779, 1.4756054878
261, -5.0000000000, -2.8623614311, -2.4475672245
262, -5.0000000000, -2.3609039783, 1.8318772316
263, -5.0000000000, -2.9614586830, -2.0023756027
264, -5.0000000000, 2.5330410004, -1.4798907042
265, -5.0000000000, -0.1235837936, 0.0537769794
266, -5.0000000000, -2.1252329350, -2.5222759247
267, -5.0000000000, -0.6903114319, 1.3859314919
268, -5.0000000000, -3.2518057823, 1.8439812660
269, -5.0000000000, 3.1198854446, -1.2574651241
270, -5.0000000000, 2.8113746643, -0.1741266251
271, -5.0000000000, -1.6953752041, -0.3107771873
272, -5.0000000000, -0.1526641846, -2.7673172951
273, -5.0000000000, 1.0066342354, -0.5452303886
274, -5.0000000000, -0.1779069901, -2.0002136230
275, -5.0000000000, 2.6827726364, 0.8869786263
276, -5.0000000000, 3.8975486755, -2.7756597996
277, -5.0000000000, 3.0818653107, -0.5618546009
278, -5.0000000000, 4.7253580093, -2.6206917763
279, -5.0000000000, 0.3077301979, 1.4461884499
280, -5.0000000000, -0.4102449417, -2.7066659927
281, -5.0000000000, -1.1073262691, -1.9827022552
282, -5.0000000000, -0.3958358765, -2.2179546356
283, -5.0000000000, -2.9794151783, 1.5928897858
284, -5.0000000000, -3.8837432861, 1.0749702454
285, -5.0000000000, 4.4512386322, -1.4624696970
286, -5.0000000000, 4.2979907990, -1.9292103052
287, -5.0000000000, -3.6169395447, -1.6523835659
288, -5.0000000000, -0.7207312584, -0.8020024300
289, -5.0000000000, -4.7747526169, -2.5325863361
290, -5.0000000000, 4.1887750626, -0.1315767765
291, -5.0000000000, -1.4189107418, -2.7287111282
292, -5.0000000000, 1.0837488174, -0.1832728386
293, -5.0000000000, 1.4419355392, 1.5075182915
294, -5.0000000000, -4.1531744003, 0.6142010689
295, -5.0000000000, 2.3854732513, 0.9328660965
296, -5.0000000000, 3.9390506744, -1.8456296921
297, -5.0000000000, 1.4260993004, -2.1619033813
298, -5.0000000000, -2.1394901276, -1.6662650108
299, -5.0000000000, -0.4133563042, -0.7754545212
300, -5.0000000000, -0.0776300430, -1.2828043699
301, -5.0000000000, -4.4283947945, -2.5220537186
302, -5.0000000000, -2.8596231937, -1.1547881365
303, -5.0000000000, -4.6493544579, -0.0427062511
304, -5.0000000000, 1.4870409966, 0.3939366341
305, -5.0000000000, 3.3823413849, -1.5611410141
306, -5.0000000000, -3.7256207466, 1.6284232140
307, -5.0000000000, -1.5547389984, 0.6817715168
308, -5.0000000000, -2.0705888271, -0.3019311428
309, -5.0000000000, 1.8804750443, -0.7900156975
310, -5.0000000000, 4.5386867523, 0.8850383759
311, -5.0000000000, 4.8017721176, -2.2141866684
312, -5.0000000000, -1.2616109848, -2.2660422325
313, -5.0000000000, 1.2465395927, -2.1769032478
314, -5.0000000000, 3.2174434662, 0.1887309551
315, -5.0000000000, 4.3962736130, -0.3451023102
316, -5.0000000000, 3.5320100784, -2.7574243546
317, -5.0000000000, 3.9015436172, -2.6311521530
318, -5.0000000000, -3.7836008072, -2.0918514729
319, -5.0000000000, -2.3205773830, -2.1911492348
320, -5.0000000000, 1.1373653412, 1.1900353432
321, -5.0000000000, 0.8546242714, 1.2698345184
322, -5.0000000000, 3.5748777390, 0.0388622284
323, -5.0000000000, 0.8681902885, -0.8011262417
324, -5.0000000000, -3.1718664169, 0.3573150635
325, -5.0000000000, 4.7946367264, -2.1019225121
326, -5.0000000000, -2.3384873867, 1.6308159828
327, -5.0000000000, 2.5284256935, -0.4138669968
328, -5.0000000000, -3.7046837807, -2.8985505104
329, -5.0000000000, 0.3956489563, 0.3122117519
330, -5.0000000000, -2.2582902908, -0.8883128166
331, -5.0000000000, 3.0325231552, -2.0675086975
332, -5.0000000000, -3.5131735802, 1.0611791611
333, -5.0000000000, 0.4416337013, -0.0386390686
334, -5.0000000000, 1.9629740715, -2.7150788307
335, -5.0000000000, -3.8847999573, 0.0037477016
336, -5.0000000000, 1.9368062019, -0.0866353512
337, -5.0000000000, 0.1756124496, -0.8412561417
338, -5.0000000000, 2.8306846619, 0.9521534443
339, -5.0000000000, 3.6873674393, -0.0399382114
340, -5.0000000000, 2.0355377197, -0.3799405098
341, -5.0000000000, 2.2306475639, 1.7274789810
342, -5.0000000000, -4.8586926460, -2.9303197861
343, -5.0000000000, -4.9694976807, -2.3035187721
344, -5.0000000000, 3.9731950760, 0.8762631416
345, -5.0000000000, -2.0923428535, 1.6710019112
346, -5.0000000000, 4.0622615814, 1.7107009888
347, -5.0000000000, -2.2527203560, -2.1929450035
348, -5.0000000000, -1.8891887665, -0.6900165081
349, -5.0000000000, 4.5281562805, -0.4802792072
350, -5.0000000000, 0.5018568039, 1.3193502426
351, -5.0000000000, -1.6609191895, -1.8516019583
352, -5.0000000000, 0.8580937386, 1.0417428017
353, -5.0000000000, 0.0925970078, -2.6227622032
354, -5.0000000000, -0.1045923233, -2.7397010326
355, -5.0000000000, 0.7040205002, 1.1781482697
356, -5.0000000000, -4.4895625114, 1.6678085327
357, -5.0000000000, 1.5601377487, -1.3636202812
358, -5.0000000000, 0.3446092606, 1.2017278671
359, -5.0000000000, -0.4006638527, 0.1255342960
360, -5.0000000000, 1.8935842514, -2.1037096977
361, -5.0000000000, 3.5907268524, 0.3215196133
362, -5.0000000000, -3.5688965321, -2.5699169636
363, -5.0000000000, 4.1596002579, -0.6295280457
364, -5.0000000000, 1.3623485565, -2.1212100983
365, -5.0000000000, 0.4092388153, 1.8054332733
366, -5.0000000000, 4.1579055786, -0.0987191200
367, -5.0000000000, 4.1538057327, 0.3626890182
368, -5.0000000000, 0.0513806343, 0.7989950180
369, -5.0000000000, -1.7783539295, 0.4031710625
370, -5.0000000000, -1.0468161106, -2.5090072155
371, -5.0000000000, 3.1117591858, 1.6553969383
372, -5.0000000000, 4.5244197845, 0.6822016239
373, -5.0000000000, -4.9510278702, -1.6954671144
374, -5.0000000000, -3.4558875561, -1.7964428663
375, -5.0000000000, 1.4006371498, 0.9130761623
376, -5.0000000000, 0.0501489639, -1.5605982542
377, -5.0000000000, -2.0534639359, -0.2435872555
378, -5.0000000000, -3.2506172657, -1.3667767048
379, -5.0000000000, 3.6942911148, -0.2091624737
380, -5.0000000000, -1.8319973946, -2.9797480106
381, -5.0000000000, 3.3566102982, -2.9496219158
382, -5.0000000000, -2.2599449158, 1.9117455482
383, -5.0000000000, -4.4849562645, -0.4516301155
384, -5.0000000000, -4.3478698730, -1.9982826710
385, -5.0000000000, -3.0431561470, 1.0309610367
386, -5.0000000000, 2.0514698029, -2.8317315578
387, -5.0000000000, 3.7987546921, -1.2484605312
388, -5.0000000000, 1.8465991020, -2.4084346294
389, -5.0000000000, 2.8130402565, -2.3297185898
390, -5.0000000000, 1.3464956284, 1.4240617752
391, -5.0000000000, 3.7618236542, -0.4336104393
392, -5.0000000000, -4.1251397133, -2.4958844185
393, -5.0000000000, -1.9716887474, -2.3734116554
394, -5.0000000000, -3.5118684769, -2.7061631680
395, -5.0000000000, -4.5103998184, -0.0908141136
396, -5.0000000000, 3.9720315933, -0.5006802082
397, -5.0000000000, -2.6648051739, 1.6103539467
398, -5.0000000000, -1.7889118195, -2.9150280952
399, -5.0000000000, 2.6184964180, -0.3991262913
400, -5.0000000000, -1.9515287876, -0.6407599449
401, -5.0000000000, -3.7886002064, 0.0125379562
402, -5.0000000000, -4.8711271286, -1.5657628775
403, -5.0000000000, -2.8368060589, -1.6190154552
404, -5.0000000000, 0.2328023911, 1.9746427536
405, -5.0000000000, -4.7299456596, -0.5080468655
406, -5.0000000000, 3.9726905823, -1.5859659910
407, -5.0000000000, 3.9243755341, -0.5202438831
408, -5.0000000000, -0.6510210037, 1.0002913475
409, -5.0000000000, 1.7262887955, -2.6091313362
410, -5.0000000000, 1.4834709167, -2.7202639580
411, -5.0000000000, -3.5011320114, -0.0061752796
412, -5.0000000000, -3.7304983139, -0.0121560097
413, -5.0000000000, 2.5289530754, -0.8554680347
414, -5.0000000000, -4.0908045769, -2.0097403526
415, -5.0000000000, -3.1459434032, -0.1251602173
416, -5.0000000000, -4.4895620346, -0.6200776100
417, -5.0000000000, -2.1247444153, -0.1769528389
418, -5.0000000000, -4.5260081291, -2.5692067146
419, -5.0000000000, 0.7161827087, -0.7306988239
420, -5.0000000000, -0.9232048988, -1.1599630117
421, -5.0000000000, 3.5247716904, -2.7334582806
422, -5.0000000000, 1.1318697929, 0.5896203518
423, -5.0000000000, -2.0036101341, -0.9489064217
424, -5.0000000000, -4.1824607849, -2.7402222157
425, -5.0000000000, 1.1534404755, -0.5705482960
426, -5.0000000000, 2.3084650040, 0.7307395935
427, -5.0000000000, 0.1181545258, -0.3752193451
428, -5.0000000000, -4.4178214073, -0.7447855473
429, -5.0000000000, -4.7946600914, -2.1714875698
430, -5.0000000000, 1.6061744690, -1.4815481901
431, -5.0000000000, -0.8619394302, -2.2584667206
432, -5.0000000000, 4.0498046875, 1.2152109146
433, -5.0000000000, 0.0221395493, 1.3805279732
434, -5.0000000000, 4.2569656372, -0.0485091209
435, -5.0000000000, -0.6367864609, -1.1396627426
436, -5.0000000000, 1.7768168449, -0.2435779572
437, -5.0000000000, 4.6528949738, -1.5273395777
438, -5.0000000000, 2.8171110153, -2.9277329445
439, -5.0000000000, -0.9146313667, -2.5712914467
440, -5.0000000000, -2.8058207035, 0.4274888039
441, -5.0000000000, -3.6793580055, -1.6877597570
442, -5.0000000000, -2.0054240227, -1.3898309469
443, -5.0000000000, 2.7747979164, -1.5199093819
444, -5.0000000000, -0.8071746826, -2.3385248184
445, -5.0000000000, 1.1777486801, -1.6347571611
446, -5.0000000000, -3.5677971840, 1.6373000145
447, -5.0000000000, 1.5442938805, -0.9155168533
448, -5.0000000000, 3.8761920929, -0.4192728996
449, -5.0000000000, 1.9411749840, 1.6119008064
450, -5.0000000000, 1.9922051430, -1.3974357843
451, -5.0000000000, 1.6537060738, -1.5974353552
452, -5.0000000000, -4.4939179420, 1.7155785561
453, -5.0000000000, -3.9915127754, 0.8730990887
454, -5.0000000000, -2.8242573738, 0.4725987911
455, -5.0000000000, 1.5358300209, 0.4732401371
456, -5.0000000000, -4.0853791237, 1.6283788681
457, -5.0000000000, -0.6455597878, 1.1976308823
458, -5.0000000000, 3.5655069351, -0.3224003315
459, -5.0000000000, -1.3573720455, 1.0146503448
460, -5.0000000000, 4.1631174088, -1.0344128609
461, -5.0000000000, 2.1845364571, -2.8745696545
462, -5.0000000000, -2.0243654251, 0.4923303127
463, -5.0000000000, 4.0640754700, 0.5631718636
464, -5.0000000000, -3.3821918964, -2.5589995384
465, -5.0000000000, -2.1482474804, 1.9143519402
466, -5.0000000000, 1.3071103096, 1.0352225304
467, -5.0000000000, -4.0474514961, 1.1306939125
468, -5.0000000000, 2.0071954727, -1.9145883322
469, -5.0000000000, 0.9343442917, -1.8807457685
470, -5.0000000000, -2.8676018715, -0.9755718708
471, -5.0000000000, -3.2341964245, 1.5197529793
472, -5.0000000000, -3.6332349777, -1.3361999989
473, -5.0000000000, 3.4416694641, -0.6835792065
474, -5.0000000000, 0.3480195999, 1.9766354561
475, -5.0000000000, 2.7848162651, -2.8526408672
476, -5.0000000000, 2.6150765419, 1.0260372162
477, -5.0000000000, -4.1566729546, 1.7579879761
478, -5.0000000000, 1.2003307343, 0.2143187523
479, -5.0000000000, 4.1702585220, -0.3226842880
480, -5.0000000000, 0.4502625465, -1.7313662767
481, -5.0000000000, -3.0778288841, -1.8288457394
482, -5.0000000000, 2.9076814651, -0.9315073490
483, -5.0000000000, -4.5183548927, -2.4175462723
484, -5.0000000000, 4.2098236084, -0.1240694523
485, -5.0000000000, -4.5766386986, -0.1972467899
486, -5.0000000000, 4.8315181732, -2.5828402042
487, -5.0000000000, 2.1003866196, 1.7475595474
488, -5.0000000000, -3.1348903179, -1.2172822952
489, -5.0000000000, 2.5285372734, -2.2128298283
490, -5.0000000000, 1.3346848488, 1.5224151611
491, -5.0000000000, 2.5046100616, 1.3799004555
492, -5.0000000000, -4.9338603020, -1.2352366447
493, -5.0000000000, 4.0442113876, 1.4649825096
494, -5.0000000000, -3.9819724560, 1.3202228546
495, -5.0000000000, -1.9788923264, -2.3905148506
496, -5.0000000000, -3.7653484344, -2.8523716927
497, -5.0000000000, -3.2607386112, -2.5310244560
498, -5.0000000000, -1.2134270668, 0.1062285900
499, -5.0000000000, -1.3520290852, 0.4909722805
500, 5.0000000000, -2.5660064220, -1.2971009016
501, 5.0000000000, 3.0886821747, -2.7544965744
502, 5.0000000000, -2.6826915741, -0.5612599850
503, 5.0000000000, 4.4796714783, 0.8367412090
504, 5.0000000000, -4.9487438202, 1.4628515244
505, 5.0000000000, 2.7353029251, -0.4619934559
506, 5.0000000000, 0.4443130493, 1.4176754951
507, 5.0000000000, -2.2174849510, -2.8001763821
508, 5.0000000000, -3.5439043045, -2.3387863636
509, 5.0000000000, 2.3318428993, -0.9692809582
510, 5.0000000000, -3.0354099274, 1.9300370216
511, 5.0000000000, 4.1668100357, -1.9967300892
512, 5.0000000000, 0.1612782478, -1.2148116827
513, 5.0000000000, -2.8937869072, 1.3369569778
514, 5.0000000000, 0.0541839600, -1.2976325750
515, 5.0000000000, 2.3035778999, -1.4401718378
516, 5.0000000000, 0.4677214622, 1.9054002762
517, 5.0000000000, -2.3775134087, -2.8528828621
518, 5.0000000000, 4.2675838470, 0.5677733421
519, 5.0000000000, -0.5761246681, -0.2976953983
520, 5.0000000000, -3.7466456890, -1.7238352299
521, 5.0000000000, -4.0166263580, -2.4496343136
522, 5.0000000000, 1.0246939659, -1.2634912729
523, 5.0000000000, 0.6749687195, 1.1781539917
524, 5.0000000000, 4.6808195114, 0.1973609924
525, 5.0000000000, 2.4209647179, -1.6956964731
526, 5.0000000000, 1.5734949112, 0.0795738697
527, 5.0000000000, 1.3916301727, -0.7508418560
528, 5.0000000000, 1.9292583466, -1.3593624830
529, 5.0000000000, 2.9061374664, -2.4749004841
530, 5.0000000000, 1.1586637497, 1.5184102058
531, 5.0000000000, 2.5104918480, -1.8988586664
532, 5.0000000000, -1.6257562637, -1.2191650867
533, 5.0000000000, -2.5717475414, -1.6629123688
534, 5.0000000000, -3.4452176094, -2.9092628956
535, 5.0000000000, -3.9995627403, -1.0286128521
536, 5.0000000000, -4.4833340645, -1.6032086611
537, 5.0000000000, -4.5559053421, -1.5281091928
538, 5.0000000000, 2.1287655830, -1.3848469257
539, 5.0000000000, -0.4102501869, -0.3770577908
540, 5.0000000000, 4.4235677719, -1.8012487888
541, 5.0000000000, 1.6775250435, 0.5245001316
542, 5.0000000000, -1.9640204906, 0.0746424198
543, 5.0000000000, -4.7848792076, -0.0699915886
544, 5.0000000000, 1.0381112099, -1.9993695021
545, 5.0000000000, 2.5497221947, -1.8598960638
546, 5.0000000000, -4.9190006256, -2.7955822945
547, 5.0000000000, 1.4709506035, 1.6751255989
548, 5.0000000000, -3.6761534214, -1.2099580765
549, 5.0000000000, 4.8291559219, -2.9516360760
550, 5.0000000000, 2.8118400574, 0.5480067730
551, 5.0000000000, 4.3986740112, 0.7267270088
552, 5.0000000000, -3.3319225311, -2.6830446720
553, 5.0000000000, 0.0919480324, -1.0548332930
554, 5.0000000000, 1.0747866631, 1.2602930069
555, 5.0000000000, -1.9939284325, 1.4999399185
556, 5.0000000000, -1.4752233028, -0.2347006798
557, 5.0000000000, -3.3542618752, -0.3519840240
558, 5.0000000000, 3.6773357391, 1.0274028778
559, 5.0000000000, 1.9064030647, -1.0661062002
560, 5.0000000000, 3.4106416702, -0.4412527084
561, 5.0000000000, 2.4879360199, -2.4379589558
562, 5.0000000000, -3.3794038296, -1.6898213625
563, 5.0000000000, 3.1635093689, -0.3893649578
564, 5.0000000000, -0.0691285133, -1.1922950745
565, 5.0000000000, -3.1005458832, -1.5315585136
566, 5.0000000000, -4.1502723694, 1.3422217369
567, 5.0000000000, 0.1410527229, -2.5096452236
568, 5.0000000000, 1.0186390877, 1.9605784416
569, 5.0000000000, 0.3354883194, -1.9632647038
570, 5.0000000000, -4.7186136246, 1.4234266281
571, 5.0000000000, 1.3203768730, -2.6064279079
572, 5.0000000000, -4.2035646439, -0.9948482513
573, 5.0000000000, -0.3652215004, 0.3159971237
574, 5.0000000000, -4.3034310341, -0.9040584564
575, 5.0000000000, 0.2120833397, -1.7471119165
576, 5.0000000000, -2.9233164787, -1.9721118212
577, 5.0000000000, 0.6615338326, -2.6985709667
578, 5.0000000000, -3.3894238472, 0.8203384876
579, 5.0000000000, 4.1280241013, -1.0526419878
580, 5.0000000000, 2.2697386742, -0.7043557167
581, 5.0000000000, 2.4554500580, -2.8971326351
582, 5.0000000000, -2.6328339577, -0.9989376068
583, 5.0000000000, 1.3460741043, 0.6388890743
584, 5.0000000000, 3.0179386139, -2.6067585945
585, 5.0000000000, 2.0816249847, -2.6569685936
586, 5.0000000000, 1.7649593353, -2.1431868076
587, 5.0000000000, -0.5353827477, 0.5986802578
588, 5.0000000000, 1.6819515228, -1.9921064377
589, 5.0000000000, -3.7634086609, 1.7099599838
590, 5.0000000000, -0.5208444595, 1.5819005966
591, 5.0000000000, 4.6237373352, -0.8946628571
592, 5.0000000000, -0.6190934181, -1.5859575272
593, 5.0000000000, -2.6112036705, -2.4800331593
594, 5.0000000000, 1.5594415665, 0.5492744446
595, 5.0000000000, -2.9541389942, -2.1204755306
596, 5.0000000000, -1.7968482971, -0.3202049732
597, 5.0000000000, 2.9992403984, -1.9925473928
598, 5.0000000000, -3.0305645466, 0.6358323097
599, 5.0000000000, 0.3235030174, -1.5773748159
600, 5.0000000000, 0.3994836807, 1.7837424278
601, 5.0000000000, 3.9033775330, -0.6875905991
602, 5.0000000000, -1.0998466015, -2.5547242165
603, 5.0000000000, -0.1717472076, 0.5461645126
604, 5.0000000000, -1.3234720230, -2.4344553947
605, 5.0000000000, -4.5154891014, 0.3606488705
606, 5.0000000000, -0.1150364876, -1.4924417734
607, 5.0000000000, 0.0521178246, 1.6023368835
608, 5.0000000000, 4.8690557480, -1.9001549482
609, 5.0000000000, 0.8821997643, -1.0807410479
610, 5.0000000000, -2.2068002224, 0.4656438828
611, 5.0000000000, 4.7916498184, -1.6720179319
612, 5.0000000000, 4.1510467529, 1.9142179489
613, 5.0000000000, -1.2172789574, 0.6009433270
614, 5.0000000000, 0.2370710373, -0.4468126297
615, 5.0000000000, 0.9302783012, 1.6539068222
616, 5.0000000000, 2.6520524025, 0.1023144722
617, 5.0000000000, -1.9007337093, -2.0423650742
618, 5.0000000000, -3.8058063984, 0.6301128864
619, 5.0000000000, 4.8155202866, 0.0814394951
620, 5.0000000000, 3.1494865417, -2.7955760956
621, 5.0000000000, 3.3016519547, -1.4976933002
622, 5.0000000000, 3.6002759933, -1.5141870975
623, 5.0000000000, 1.2786240578, -2.3026199341
624, 5.0000000000, 2.3126659393, 0.8757483959
625, 5.0000000000, 4.0800371170, -1.0982651711
626, 5.0000000000, -3.9295144081, 1.1239705086
627, 5.0000000000, -0.4767985344, -0.6399347782
628, 5.0000000000, 0.3349075317, 0.1647074223
629, 5.0000000000, -4.0594692230, 0.7395892143
630, 5.0000000000, -3.0790414810, 0.9364759922
631, 5.0000000000, -2.8999071121, -0.1507441998
632, 5.0000000000, -2.4747529030, 0.2861416340
633, 5.0000000000, -3.0276117325, 0.4924936295
634, 5.0000000000, -4.2583508492, 0.7482790947
635, 5.0000000000, 3.3960571289, -2.0087161064
636, 5.0000000000, 0.2671251297, -1.7174221277
637, 5.0000000000, -0.7565140724, -1.9665524960
638, 5.0000000000, -4.6943483353, -0.7071073055
639, 5.0000000000, 0.3767590523, -0.2966589928
640, 5.0000000000, -4.1383094788, -2.7692322731
641, 5.0000000000, -3.4164526463, -1.3258172274
642, 5.0000000000, 1.3705544472, -2.6916356087
643, 5.0000000000, -2.2172369957, 0.9990339279
644, 5.0000000000, 3.4169912338, -1.4381375313
645, 5.0000000000, -0.1931300163, 1.1836290359
646, 5.0000000000, 0.5467252731, -2.1601924896
647, 5.0000000000, 2.3019161224, 0.0123929977
648, 5.0000000000, -0.1912627220, 0.5358037949
649, 5.0000000000, -2.6870064735, 1.2973275185
650, 5.0000000000, 0.7462420464, -1.9732537270
651, 5.0000000000, -1.4268822670, 1.5533995628
652, 5.0000000000, 2.8428592682, -0.3959295750
653, 5.0000000000, -4.7279434204, 0.2202837467
654, 5.0000000000, -4.4680180550, -2.7349462509
655, 5.0000000000, 4.2127389908, 0.6971139908
656, 5.0000000000, -0.6969971657, 1.0641756058
657, 5.0000000000, 0.8978099823, -0.7545938492
658, 5.0000000000, -2.5737450123, -2.2327122688
659, 5.0000000000, 3.2374696732, -1.6329125166
660, 5.0000000000, 2.6274814606, 0.1084206104
661, 5.0000000000, 4.7676811218, -1.5060110092
662, 5.0000000000, 1.5628447533, -2.7850475311
663, 5.0000000000, -2.3634049892, 1.5579352379
664, 5.0000000000, 2.5144438744, -1.9969483614
665, 5.0000000000, -0.7399134636, -0.8111865520
666, 5.0000000000, -2.0873558521, 0.7208828926
667, 5.0000000000, -1.7971913815, -0.6599373817
668, 5.0000000000, 1.9661159515, -2.2514948845
669, 5.0000000000, -0.3918089867, -2.3669288158
670, 5.0000000000, 3.5783853531, -0.0576384068
671, 5.0000000000, 0.3609709740, -1.0050138235
672, 5.0000000000, -4.2543916702, 0.3869063854
673, 5.0000000000, 2.4609432220, 0.0609672070
674, 5.0000000000, -2.7050912380, -0.3520619869
675, 5.0000000000, -1.4501161575, 0.0283446312
676, 5.0000000000, 0.7063083649, -0.4821665287
677, 5.0000000000, -3.8970332146, -1.6592195034
678, 5.0000000000, -4.8539714813, 0.0185098648
679, 5.0000000000, -0.8824133873, -1.7888871431
680, 5.0000000000, 1.5386223793, 0.3121681213
681, 5.0000000000, 1.0589747429, -1.1400123835
682, 5.0000000000, -1.4472489357, -2.7940993309
683, 5.0000000000, 4.6792974472, 0.5225827694
684, 5.0000000000, 3.7090339661, -0.5404906273
685, 5.0000000000, 1.1240663528, -1.6986701488
686, 5.0000000000, -0.2599773407, -0.2753384113
687, 5.0000000000, -2.3630611897, -0.1569962502
688, 5.0000000000, 0.4763345718, -2.5130186081
689, 5.0000000000, 2.7627496719, 1.8582067490
690, 5.0000000000, -1.8463432789, -0.9156382084
691, 5.0000000000, 0.0964093208, 1.4871501923
692, 5.0000000000, 2.8057603836, -2.0999500751
693, 5.0000000000, 2.6970047951, -1.1810060740
694, 5.0000000000, 3.7638883591, -0.4162132740
695, 5.0000000000, 4.0843982697, -0.5566124916
696, 5.0000000000, -0.8319988251, -1.5946152210
697, 5.0000000000, 0.1476731300, -1.2707712650
698, 5.0000000000, -2.0205798149, -1.1983720064
699, 5.0000000000, -2.4345929623, -1.3829321861
700, 5.0000000000, -0.0334277153, 0.2938561440
701, 5.0000000000, 0.2285475731, -1.9478565454
702, 5.0000000000, 3.9099712372, 0.9127740860
703, 5.0000000000, -1.8993358612, -2.0957913399
704, 5.0000000000, 4.8810329437, 1.7270507812
705, 5.0000000000, -2.1651830673, 0.5159332752
706, 5.0000000000, -3.5507774353, 1.7700705528
707, 5.0000000000, -3.3413357735, -2.1572856903
708, 5.0000000000, -0.8917298317, -2.2536332607
709, 5.0000000000, -1.7658009529, 0.7248075008
710, 5.0000000000, -1.5313532352, 0.7660007477
711, 5.0000000000, -2.9358496666, -1.8185681105
712, 5.0000000000, -4.2152771950, 0.0526101589
713, 5.0000000000, -1.7180535793, 0.7671420574
714, 5.0000000000, 3.8234720230, -2.3921198845
715, 5.0000000000, 4.8851976395, 0.3051526546
716, 5.0000000000, -1.1728646755, 0.2746145725
717, 5.0000000000, 3.1428680420, -2.0039937496
718, 5.0000000000, 3.0810117722, -0.5345969200
719, 5.0000000000, 0.1317229271, 1.0799622536
720, 5.0000000000, -0.0048680305, -0.6298606396
721, 5.0000000000, -2.2373051643, 1.1895642281
722, 5.0000000000, 3.2753477097, 1.4918246269
723, 5.0000000000, -3.8531203270, 0.4345421791
724, 5.0000000000, -2.5632445812, -1.3332587481
725, 5.0000000000, -3.6764760017, -1.5895147324
726, 5.0000000000, -2.1117413044, -2.7710947990
727, 5.0000000000, -4.3032813072, -2.3736505508
728, 5.0000000000, 4.0657243729, -0.4626445770
729, 5.0000000000, 4.4899415970, -2.4227027893
730, 5.0000000000, -2.7154152393, -0.2775204182
731, 5.0000000000, -0.2333054543, 1.8006887436
732, 5.0000000000, -3.0051321983, 0.7929975986
733, 5.0000000000, 1.7066807747, -2.6379203796
734, 5.0000000000, 4.1774673462, -2.0609540939
735, 5.0000000000, -0.0505118370, 0.4700596333
736, 5.0000000000, -3.7763185501, -1.4923737049
737, 5.0000000000, 1.4418435097, 1.0866560936
738, 5.0000000000, -1.8052549362, 0.8035216331
739, 5.0000000000, 4.4782876968, 0.6110639572
740, 5.0000000000, -0.6921954155, -2.3938641548
741, 5.0000000000, -3.9547853470, -1.8504149914
742, 5.0000000000, 4.2826185226, -0.3355767727
743, 5.0000000000, -3.8250551224, 1.3386120796
744, 5.0000000000, -2.3603179455, -2.1950469017
745, 5.0000000000, 2.9165234566, 1.0126223564
746, 5.0000000000, 0.6331257820, -1.3481296301
747, 5.0000000000, 0.4161863327, -1.0857712030
748, 5.0000000000, 2.3504490852, -0.3997852802
749, 5.0000000000, -1.5594546795, 1.4432120323
750, 5.0000000000, 3.6339349747, 1.5801887512
751, 5.0000000000, -1.1336011887, -0.9365792274
752, 5.0000000000, 1.0753316879, 1.8743090630
753, 5.0000000000, 1.1493496895, -0.7390723228
754, 5.0000000000, 3.1193647385, -1.6310602427
755, 5.0000000000, -3.3110723495, 1.3756890297
756, 5.0000000000, -1.5971548557, -0.9162166119
757, 5.0000000000, 3.0592594147, -1.8079820871
758, 5.0000000000, 1.4918856621, 1.7138247490
759, 5.0000000000, 0.9602031708, -0.0858922005
760, 5.0000000000, -2.2013397217, -0.3819124699
761, 5.0000000000, -2.0763506889, -0.7239215374
762, 5.0000000000, -2.1423673630, 0.7392926216
763, 5.0000000000, -0.1659197807, 1.8148446083
764, 5.0000000000, -3.5661504269, 0.7043642998
765, 5.0000000000, 3.4573965073, -1.2766205072
766, 5.0000000000, -2.8846161366, -2.5969367027
767, 5.0000000000, -0.6128778458, 0.3253917694
768, 5.0000000000, -4.9790062904, -1.4918999672
769, 5.0000000000, 3.7959690094, 0.3309476376
770, 5.0000000000, -2.8770706654, 0.6725811958
771, 5.0000000000, 0.9324226379, -0.6820561886
772, 5.0000000000, 0.6296586990, 1.5753021240
773, 5.0000000000, 1.1036977768, 1.4295506477
774, 5.0000000000, -3.1240868568, 0.6225798130
775, 5.0000000000, -4.0657024384, -0.7689664364
776, 5.0000000000, 3.2120485306, 1.4301133156
777, 5.0000000000, 1.6137204170, -0.4213612080
778, 5.0000000000, 2.1691374779, -1.7704930305
779, 5.0000000000, 4.0585536957, -1.7964870930
780, 5.0000000000, -1.6653690338, 1.3486313820
781, 5.0000000000, -3.9986014366, 1.9898900986
782, 5.0000000000, 1.5795650482, -2.2991714478
783, 5.0000000000, -3.6963376999, -1.0069397688
784, 5.0000000000, 3.2558870316, -1.0052242279
785, 5.0000000000, -4.1253008842, 0.0333695412
786, 5.0000000000, 1.7620253563, -1.4406756163
787, 5.0000000000, -2.5365040302, -1.2231819630
788, 5.0000000000, 1.4024295807, -2.7810592651
789, 5.0000000000, -2.0868284702, -0.8142468929
790, 5.0000000000, 4.3963527679, 1.6599373817
791, 5.0000000000, 1.1597900391, -0.4853100777
792, 5.0000000000, -1.8085691929, -1.4939633608
793, 5.0000000000, -3.5869569778, -0.0332496166
794, 5.0000000000, -1.3074271679, -2.4629013538
795, 5.0000000000, -3.4031677246, -0.3552062511
796, 5.0000000000, -0.8680710793, 0.9863445759
797, 5.0000000000, -0.1705684662, -2.3040874004
798, 5.0000000000, 3.4862995148, 0.9741067886
799, 5.0000000000, -0.9641871452, 1.5966906548
800, 5.0000000000, -3.7982425690, -1.3747028112
801, 5.0000000000, -2.3152863979, 0.6482691765
802, 5.0000000000, 4.4759597778, 0.3776412010
803, 5.0000000000, 4.8952159882, -2.9612035751
804, 5.0000000000, 0.4790720940, -2.1722579002
805, 5.0000000000, 0.5092124939, 0.5906515121
806, 5.0000000000, -0.2342205048, -1.9326674938
807, 5.0000000000, -0.7435784340, 0.0531287193
808, 5.0000000000, 1.9505567551, 1.9874935150
809, 5.0000000000, -4.2976160049, -0.3396518230
810, 5.0000000000, -4.1568460464, 0.1726250648
811, 5.0000000000, 3.2404470444, -2.9332811832
812, 5.0000000000, -1.9283874035, -1.3164743185
813, 5.0000000000, 0.1650943756, 1.9826159477
814, 5.0000000000, 0.9127144814, -0.1854481697
815, 5.0000000000, -2.7846498489, -0.6513018608
816, 5.0000000000, 3.7911691666, -1.1747430563
817, 5.0000000000, -3.1586837769, -2.5812175274
818, 5.0000000000, -4.4804821014, 0.7342922688
819, 5.0000000000, -0.5084171295, -0.8424086571
820, 5.0000000000, 3.8920965195, -2.5622684956
821, 5.0000000000, -4.2757048607, -2.1052999496
822, 5.0000000000, -4.1650199890, -2.7140192986
823, 5.0000000000, -2.7851648331, -1.4336270094
824, 5.0000000000, 2.1787290573, -0.8033010960
825, 5.0000000000, 3.6895475388, -1.7989442348
826, 5.0000000000, 3.1492462158, 1.6876897812
827, 5.0000000000, -1.9213242531, -0.4009008408
828, 5.0000000000, -1.8053798676, -0.4333868027
829, 5.0000000000, -2.8227632046, -2.8757812977
830, 5.0000000000, -0.9061703682, -1.4095844030
831, 5.0000000000, 3.2153072357, -0.3473017216
832, 5.0000000000, -4.1839809418, 0.6417813301
833, 5.0000000000, 3.6375131607, -0.5843181610
834, 5.0000000000, 2.2669920921, -1.3614456654
835, 5.0000000000, 4.8642559052, 0.3745937347
836, 5.0000000000, 3.2124691010, -2.9925270081
837, 5.0000000000, 4.8301525116, -1.2577565908
838, 5.0000000000, 2.7173109055, 0.7674708366
839, 5.0000000000, -0.4929671288, -0.9141092300
840, 5.0000000000, 4.5698204041, -1.2852758169
841, 5.0000000000, 0.0841736794, -1.5593039989
842, 5.0000000000, -0.7481150627, -2.3917071819
843, 5.0000000000, -2.3325822353, -2.8209698200
844, 5.0000000000, -3.0789713860, -2.8203032017
845, 5.0000000000, -4.9819192886, 1.8523530960
846, 5.0000000000, -4.9241161346, -1.9210715294
847, 5.0000000000, -0.7371068001, -0.1895685196
848, 5.0000000000, -3.3926606178, 1.4629712105
849, 5.0000000000, -4.2620983124, 0.7206397057
850, 5.0000000000, 0.2555594444, 0.8421087265
851, 5.0000000000, 4.6246557236, -2.4851479530
852, 5.0000000000, -4.1837434769, 1.9353308678
853, 5.0000000000, -2.4205164909, -1.9559500217
854, 5.0000000000, -2.1307787895, 0.6822998524
855, 5.0000000000, 4.8110351562, -1.8126046658
856, 5.0000000000, 4.0198717117, -1.3036612272
857, 5.0000000000, 4.9345617294, -1.6252371073
858, 5.0000000000, -0.0636277199, 1.2296180725
859, 5.0000000000, 1.0369114876, 0.0253787041
860, 5.0000000000, -3.1735696793, -1.2878547907
861, 5.0000000000, -3.7486758232, 1.3656492233
862, 5.0000000000, -0.4132795334, 0.5099198818
863, 5.0000000000, 0.8353991508, -1.5758612156
864, 5.0000000000, -2.8641130924, -2.9287822247
865, 5.0000000000, -3.0251803398, -2.5039291382
866, 5.0000000000, -3.0722551346, -1.0453437567
867, 5.0000000000, 3.8546857834, 0.9024801254
868, 5.0000000000, 3.4817180634, -2.8660883904
869, 5.0000000000, 0.6623663902, -0.5063624382
870, 5.0000000000, 3.8243770599, -0.8897719383
871, 5.0000000000, -1.3406536579, 1.5877223015
872, 5.0000000000, 3.2474269867, -0.4560725689
873, 5.0000000000, -1.8669147491, 1.3178277016
874, 5.0000000000, -3.2809641361, -0.9344546795
875, 5.0000000000, -1.3823692799, 0.8234314919
876, 5.0000000000, 4.8410902023, -1.4190908670
877, 5.0000000000, 2.6983604431, -2.6967625618
878, 5.0000000000, 2.8524699211, -1.9599516392
879, 5.0000000000, -0.7226400375, 0.5052971840
880, 5.0000000000, -4.4477849007, -1.1596726179
881, 5.0000000000, 2.2073812485, 0.7718760967
882, 5.0000000000, -4.1285481453, 0.3972141743
883, 5.0000000000, 1.9439253807, 0.1271481514
884, 5.0000000000, 0.6386699677, -2.0696361065
885, 5.0000000000, 2.3833599091, -0.4116532803
886, 5.0000000000, -4.4225449562, 0.2856307030
887, 5.0000000000, -3.7709772587, 0.1476233006
888, 5.0000000000, 0.4302077293, 0.3443229198
889, 5.0000000000, -1.7152326107, 1.7046942711
890, 5.0000000000, -4.9641504288, -2.8112106323
891, 5.0000000000, 4.6999340057, 1.2188367844
892, 5.0000000000, 2.4714913368, 1.9578886032
893, 5.0000000000, -4.3210859299, 0.5432195663
894, 5.0000000000, 0.3276462555, -0.2047817707
895, 5.0000000000, -3.9645853043, -1.5853583813
896, 5.0000000000, 1.7911214828, -1.8190248013
897, 5.0000000000, -1.9325025082, 0.4283013344
898, 5.0000000000, 2.5840206146, 1.6431617737
899, 5.0000000000, 1.3128738403, 0.4762008190
900, 5.0000000000, -4.0538573265, -0.4658379555
901, 5.0000000000, -2.6288146973, -1.7647436857
902, 5.0000000000, -4.6195912361, 0.6587746143
903, 5.0000000000, -2.4379951954, -1.0197418928
904, 5.0000000000, -2.5764012337, -1.8333665133
905, 5.0000000000, -3.6958580017, 1.0201210976
906, 5.0000000000, -0.6251659393, 1.1243772507
907, 5.0000000000, -4.2123551369, -0.6442544460
908, 5.0000000000, 1.8192133904, -1.2329652309
909, 5.0000000000, -3.1061849594, -2.4151203632
910, 5.0000000000, -0.7334127426, 1.1530113220
911, 5.0000000000, -1.1392872334, -0.4482109547
912, 5.0000000000, 3.9596881866, -0.7412459850
913, 5.0000000000, 2.3473210335, -1.5230486393
914, 5.0000000000, -4.7348256111, -2.8273811340
915, 5.0000000000, 4.0803394318, 0.6581678391
916, 5.0000000000, -1.9241862297, 1.3345499039
917, 5.0000000000, 0.8749327660, 1.0596141815
918, 5.0000000000, -4.7429141998, -0.0554745197
919, 5.0000000000, -3.0361864567, 0.8322088718
920, 5.0000000000, -2.4280693531, -2.3182387352
921, 5.0000000000, -1.5114898682, 0.3631343842
922, 5.0000000000, 2.5017104149, 1.0114088058
923, 5.0000000000, 4.8718547821, 1.4960765839
924, 5.0000000000, -1.5430779457, -1.0114444494
925, 5.0000000000, -1.0853180885, 0.1507308483
926, 5.0000000000, 2.1060166359, 0.0772092342
927, 5.0000000000, 3.9471979141, -2.3605067730
928, 5.0000000000, -1.4156727791, -2.7993152142
929, 5.0000000000, 4.3597135544, -2.7622776031
930, 5.0000000000, 1.4623818398, -2.4488830566
931, 5.0000000000, 1.4017267227, 0.5147259235
932, 5.0000000000, -3.3766264915, -2.4997220039
933, 5.0000000000, -0.8589048386, 0.5591108799
934, 5.0000000000, -4.6571993828, 1.1521863937
935, 5.0000000000, -3.0310533047, 0.5297880173
936, 5.0000000000, 0.2430343628, 0.6742126942
937, 5.0000000000, -2.5211579800, 0.4189460278
938, 5.0000000000, 0.4300684929, -2.8614902496
939, 5.0000000000, -4.7529053688, -2.4246709347
940, 5.0000000000, 0.5355644226, 0.9160492420
941, 5.0000000000, -0.3426008224, 0.4748551846
942, 5.0000000000, 1.4666085243, 1.8864264488
943, 5.0000000000, -1.0024769306, -2.9389674664
944, 5.0000000000, 1.1294903755, -1.5944621563
945, 5.0000000000, -2.2734515667, -1.7817733288
946, 5.0000000000, 3.0943717957, -2.9684884548
947, 5.0000000000, -0.7380003929, 0.5863814354
948, 5.0000000000, 0.9943313599, -2.2228169441
949, 5.0000000000, -4.7350010872, -2.7094385624
950, 5.0000000000, -1.8393950462, -0.6586122513
951, 5.0000000000, 3.4542942047, 1.8329544067
952, 5.0000000000, -3.0290665627, -1.9480291605
953, 5.0000000000, 2.6648812294, -1.8449271917
954, 5.0000000000, 2.3325986862, -0.5794339180
955, 5.0000000000, 0.7486886978, 1.8175525665
956, 5.0000000000, -1.5459101200, -0.8062520027
957, 5.0000000000, -4.0956192017, -0.9615521431
958, 5.0000000000, -2.1884171963, -0.4146788120
959, 5.0000000000, 3.9593849182, -1.9993103743
960, 5.0000000000, -3.5032925606, -0.7570931911
961, 5.0000000000, -0.6548027992, -1.4787898064
962, 5.0000000000, 0.0737109184, 1.9914431572
963, 5.0000000000, 1.2098097801, -0.2184524536
964, 5.0000000000, 3.8614788055, -1.3940073252
965, 5.0000000000, 2.8347301483, -1.8121999502
966, 5.0000000000, -3.4479653835, 0.2811319828
967, 5.0000000000, -1.1279878616, -1.2881836891
968, 5.0000000000, 3.4402456284, 1.0379118919
969, 5.0000000000, 3.1467447281, 0.9628396034
970, 5.0000000000, -3.6147501469, -0.8638105392
971, 5.0000000000, 1.4856429100, -0.2769205570
972, 5.0000000000, 0.8912248611, -2.6826024055
973, 5.0000000000, -2.3298914433, 1.5203495026
974, 5.0000000000, -1.8091244698, 1.9415206909
975, 5.0000000000, -0.2684850693, -2.2284998894
976, 5.0000000000, -3.3456730843, -2.2760243416
977, 5.0000000000, -4.5352444649, -0.2872729301
978, 5.0000000000, 3.7024078369, -1.3176187277
979, 5.0000000000, -3.6910071373, -1.3108844757
980, 5.0000000000, -3.0188283920, 0.7306098938
981, 5.0000000000, -2.1956598759, -1.3248232603
982, 5.0000000000, 1.9279041290, -2.2256915569
983, 5.0000000000, -4.1741385460, -0.6812415123
984, 5.0000000000, 2.9656620026, -0.1765623093
985, 5.0000000000, 3.2123069763, -0.4893035889
986, 5.0000000000, 3.3390150070, 0.5079724789
987, 5.0000000000, 1.5734090805, 1.8017072678
988, 5.0000000000, -0.8279409409, 0.5348424911
989, 5.0000000000, 2.1629118919, -2.2435882092
990, 5.0000000000, -3.8734521866, 1.6560635567
991, 5.0000000000, 0.5328087807, -2.6637077332
992, 5.0000000000, 3.5535020828, -2.1949996948
993, 5.0000000000, -2.3088035583, -2.0769498348
994, 5.0000000000, -1.8021810055, -2.1981627941
995, 5.0000000000, 1.8831558228, -2.9553339481
996, 5.0000000000, 2.9183888435, -0.5191695690
997, 5.0000000000, 2.6146512032, -0.7171273232
998, 5.0000000000, -2.2815637589, -1.0652137995
999, 5.0000000000, 4.6810092926, -0.9473547935
1000, 3.4341678619, -5.0000000000, -2.2894966602
1001, 1.4419322014, -5.0000000000, -1.0221451521
1002, 2.7409319878, -5.0000000000, -1.8547786474
1003, 0.2566628456, -5.0000000000, -2.8760933876
1004, 3.1006498337, -5.0000000000, -0.9833478928
1005, -3.2431178093, -5.0000000000, -2.9424488544
1006, 3.9822006226, -5.0000000000, -2.8602550030
1007, 4.7955818176, -5.0000000000, 1.6461973190
1008, 4.9043321609, -5.0000000000, -2.7236576080
1009, -0.7391042709, -5.0000000000, -0.2033038139
1010, 2.5881028175, -5.0000000000, -1.9356101751
1011, -3.8793368340, -5.0000000000, 0.3825168610
1012, -0.5082583427, -5.0000000000, 0.3749816418
1013, 3.8194103241, -5.0000000000, -1.0424528122
1014, -3.8474969864, -5.0000000000, -1.5929824114
1015, 2.0639824867, -5.0000000000, -0.1879601479
1016, 1.9526982307, -5.0000000000, -2.7577114105
1017, 3.0063505173, -5.0000000000, 0.4207394123
1018, 2.8366045952, -5.0000000000, -0.1728396416
1019, 1.1879048347, -5.0000000000, 1.9567718506
1020, -4.9261903763, -5.0000000000, 1.9448075294
1021, 2.2060165405, -5.0000000000, 0.0586321354
1022, 0.3344001770, -5.0000000000, -2.6966793537
1023, 0.0414566994, -5.0000000000, -1.9902030230
1024, 3.4120140076, -5.0000000000, -0.2572054863
1025, 1.3057541847, -5.0000000000, 1.5468635559
1026, -1.2088251114, -5.0000000000, -0.3689136505
1027, -1.4715538025, -5.0000000000, 1.1019554138
1028, -2.4446816444, -5.0000000000, -2.4107131958
1029, -4.6922016144, -5.0000000000, 1.1171069145
1030, 3.2511682510, -5.0000000000, -2.7560210228
1031, 2.6856417656, -5.0000000000, -1.7846375704
1032, -0.3038387299, -5.0000000000, -0.2046365738
1033, -0.8630361557, -5.0000000000, -0.8531770706
1034, 4.2452421188, -5.0000000000, -1.7822840214
1035, 3.8419113159, -5.0000000000, 1.5383329391
1036, -2.5920813084, -5.0000000000, -2.1027157307
1037, -0.1755170822, -5.0000000000, -0.7211396694
1038, 3.0424051285, -5.0000000000, 0.6882724762
1039, 0.5469222069, -5.0000000000, -0.7514543533
1040, -0.8369178772, -5.0000000000, 1.8004384041
1041, -0.4205102921, -5.0000000000, -0.1228551865
1042, 4.5614194870, -5.0000000000, -2.9706821442
1043, -4.3193044662, -5.0000000000, 1.8185110092
1044, -3.4767475128, -5.0000000000, -0.7348651886
1045, 2.5203785896, -5.0000000000, 0.2710537910
1046, -1.6748211384, -5.0000000000, 1.3032455444
1047, -4.7195963860, -5.0000000000, -2.2612419128
1048, 0.6450552940, -5.0000000000, 0.3934404850
1049, 2.7492032051, -5.0000000000, 0.3309376240
1050, 4.5612630844, -5.0000000000, -1.0845633745
1051, 1.4924507141, -5.0000000000, -1.9539163113
1052, -4.1222953796, -5.0000000000, -2.4317777157
1053, 4.2741823196, -5.0000000000, 0.0745041370
1054, 3.5822582245, -5.0000000000, -1.6763249636
1055, 2.3851714134, -5.0000000000, -2.6696016788
1056, 4.0434436798, -5.0000000000, 0.7962121964
1057, 0.2688169479, -5.0000000000, -1.6291149855
1058, -2.4438900948, -5.0000000000, 0.9390268326
1059, 4.5383062363, -5.0000000000, 0.2470147610
1060, 4.6013116837, -5.0000000000, -0.0872755051
1061, 4.0898132324, -5.0000000000, 0.3062610626
1062, 2.5967736244, -5.0000000000, 1.4328508377
1063, -0.8754262924, -5.0000000000, -2.3193986416
1064, -0.2229933739, -5.0000000000, 1.2904276848
1065, 4.2834253311, -5.0000000000, -0.2692105770
1066, 0.7386460304, -5.0000000000, 1.8699154854
1067, -0.6420297623, -5.0000000000, -0.5040464401
1068, -1.8219325542, -5.0000000000, 0.9158759117
1069, 2.9858393669, -5.0000000000, 1.1143641472
1070, -1.6203949451, -5.0000000000, 0.3804655075
1071, -0.4234685898, -5.0000000000, 0.7749063969
1072, 3.4099063873, -5.0000000000, -1.7144656181
1073, 1.8325943947, -5.0000000000, -2.2070891857
1074, -1.5320556164, -5.0000000000, 0.5225601196
1075, 3.0725355148, -5.0000000000, -2.7264080048
1076, -1.2765603065, -5.0000000000, -0.0761394501
1077, -2.8401453495, -5.0000000000, -1.6757416725
1078, 4.4456911087, -5.0000000000, -2.3029849529
1079, 3.6600799561, -5.0000000000, -0.9709441662
1080, 0.3865451813, -5.0000000000, -2.9430060387
1081, -4.1527185440, -5.0000000000, -1.5274484158
1082, 4.5463666916, -5.0000000000, -2.1566326618
1083, 0.6137213707, -5.0000000000, 0.8016810417
1084, -3.6184844971, -5.0000000000, -2.6912686825
1085, 4.1033849716, -5.0000000000, 1.7062311172
1086, 4.3825321198, -5.0000000000, 1.0989637375
1087, 3.5547933578, -5.0000000000, -0.4268312454
1088, 0.9118065834, -5.0000000000, 1.3187389374
1089, -2.1505551338, -5.0000000000, 0.5796358585
1090, -0.8303394318, -5.0000000000, -0.6247553825
1091, 3.2930221558, -5.0000000000, 0.0060062408
1092, -0.8136773109, -5.0000000000, -0.2003514767
1093, 0.3660116196, -5.0000000000, 0.6347844601
1094, -2.6203169823, -5.0000000000, 0.1711826324
1095, 2.3194370270, -5.0000000000, -2.3735711575
1096, -4.4800634384, -5.0000000000, -0.3291826248
1097, 3.1029720306, -5.0000000000, 1.8307256699
1098, 3.4470205307, -5.0000000000, 0.1779832840
1099, -0.9558353424, -5.0000000000, 0.3438348770
1100, 3.9357080460, -5.0000000000, -2.3401713371
1101, -2.6258335114, -5.0000000000, -1.4676482677
1102, 1.5933341980, -5.0000000000, -0.0038678646
1103, 0.1765847206, -5.0000000000, -0.5478775501
1104, 1.7552275658, -5.0000000000, -2.0774283409
1105, -3.6098880768, -5.0000000000, -2.9006276131
1106, -1.2792830467, -5.0000000000, -2.0487108231
1107, 3.8449230194, -5.0000000000, 1.1544866562
1108, -2.8194763660, -5.0000000000, -1.8493874073
1109, -1.3705885410, -5.0000000000, -1.6008750200
1110, 3.3417711258, -5.0000000000, 1.3261604309
1111, 4.7311582565, -5.0000000000, -2.6626517773
1112, -0.7747349739, -5.0000000000, -2.6840524673
1113, 1.7956252098, -5.0000000000, -0.2490882874
1114, -4.7730984688, -5.0000000000, -1.5331712961
1115, 0.4779672623, -5.0000000000, -0.5962774754
1116, 3.0163288116, -5.0000000000, -2.7444975376
1117, -3.9289231300, -5.0000000000, -0.5526587963
1118, 2.3758277893, -5.0000000000, 1.5692362785
1119, 1.5100812912, -5.0000000000, 1.6390023232
1120, -2.5853347778, -5.0000000000, -1.6320135593
1121, 3.4947710037, -5.0000000000, 0.2061684132
1122, -1.6547415257, -5.0000000000, 1.1646761894
1123, 3.4808301926, -5.0000000000, -0.6631252766
1124, 2.9798965454, -5.0000000000, -0.3819925785
1125, 3.9390983582, -5.0000000000, 0.2647526264
1126, 3.6882305145, -5.0000000000, 0.6241967678
1127, 0.5251464844, -5.0000000000, 1.3953561783
1128, -4.2963218689, -5.0000000000, -2.7782692909
1129, 2.4172635078, -5.0000000000, 1.0575418472
1130, -2.7842340469, -5.0000000000, 1.5807366371
1131, -0.6981658936, -5.0000000000, 1.6403555870
1132, 0.5180144310, -5.0000000000, 1.7414584160
1133, -1.7103052139, -5.0000000000, -2.7030887604
1134, 3.4390830994, -5.0000000000, 0.5383670330
1135, -0.1337041855, -5.0000000000, -2.1627299786
1136, -1.6975023746, -5.0000000000, -1.8073016405
1137, 1.7706394196, -5.0000000000, -1.2708213329
1138, -4.2028765678, -5.0000000000, -1.0181157589
1139, -4.0367903709, -5.0000000000, 1.3000702858
1140, -3.6909933090, -5.0000000000, 0.7206456661
1141, -3.1103596687, -5.0000000000, -1.9432438612
1142, 4.2303400040, -5.0000000000, 1.2222623825
1143, 3.4163217545, -5.0000000000, -0.4618661404
1144, 4.7988538742, -5.0000000000, -0.7805311680
1145, 2.5463666916, -5.0000000000, -1.8317046165
1146, 0.4496645927, -5.0000000000, -1.5251382589
1147, 1.5380258560, -5.0000000000, -0.6210138798
1148, -3.1794939041, -5.0000000000, -2.3632020950
1149, 4.5542354584, -5.0000000000, 1.2702918053
1150, -1.2042987347, -5.0000000000, 1.2117662430
1151, 2.4285941124, -5.0000000000, -1.0507240295
1152, 3.9332914352, -5.0000000000, -1.4774622917
1153, -0.9042296410, -5.0000000000, 1.8829035759
1154, 0.1232905388, -5.0000000000, -1.7007821798
1155, -4.9674196243, -5.0000000000, 0.9214329720
1156, -0.3670263290, -5.0000000000, 0.5223538876
1157, -2.9714078903, -5.0000000000, -2.3436164856
1158, -2.1598742008, -5.0000000000, -2.5608749390
1159, 4.9802856445, -5.0000000000, 1.9649772644
1160, -3.8112092018, -5.0000000000, -0.2343680859
1161, 0.3145017624, -5.0000000000, -2.6416802406
1162, 1.1150698662, -5.0000000000, -0.7023975849
1163, 2.7080135345, -5.0000000000, -1.5468418598
1164, 2.5013036728, -5.0000000000, 0.3110482693
1165, -3.0292429924, -5.0000000000, 1.6565980911
1166, 4.2765150070, -5.0000000000, -1.8643380404
1167, 3.8638525009, -5.0000000000, 0.6795988083
1168, 1.6027059555, -5.0000000000, -2.9372742176
1169, -3.5272693634, -5.0000000000, -1.1741300821
1170, 3.5290136337, -5.0000000000, 0.3041565418
1171, -4.3284788132, -5.0000000000, -0.4294126034
1172, -0.8899841309, -5.0000000000, -0.7771368027
1173, 3.9905519485, -5.0000000000, 1.5657763481
1174, 4.5030746460, -5.0000000000, -2.5296740532
1175, 0.8497028351, -5.0000000000, 1.1297197342
1176, -2.2406582832, -5.0000000000, 1.8481335640
1177, -4.8370914459, -5.0000000000, 1.5478143692
1178, -0.1612524986, -5.0000000000, 0.2015550137
1179, -2.6454334259, -5.0000000000, -1.2807060480
1180, -4.7913331985, -5.0000000000, -2.4300155640
1181, -3.4773325920, -5.0000000000, 0.0384936333
1182, -0.1987304688, -5.0000000000, 1.4792833328
1183, -1.8925156593, -5.0000000000, 0.1504375935
1184, -2.7172632217, -5.0000000000, 1.7412028313
1185, 3.3190145493, -5.0000000000, -2.4548110962
1186, 4.2151060104, -5.0000000000, 1.9120965004
1187, 1.0372061729, -5.0000000000, -2.1718921661
1188, -4.5542793274, -5.0000000000, -0.9330713749
1189, 0.1055207253, -5.0000000000, -2.0137932301
1190, 3.3788776398, -5.0000000000, -0.5396234989
1191, 1.1118607521, -5.0000000000, 1.0076131821
1192, -4.2832536697, -5.0000000000, -0.8263697624
1193, -4.2913541794, -5.0000000000, -2.3843863010
1194, -3.7944569588, -5.0000000000, 0.5823044777
1195, -0.2914047241, -5.0000000000, 0.9011950493
1196, -3.8428475857, -5.0000000000, 0.6093499660
1197, -1.7042093277, -5.0000000000, 1.6413559914
1198, -1.3910708427, -5.0000000000, -1.0131852627
1199, -4.0923585892, -5.0000000000, 1.4251203537
1200, 1.2324247360, -5.0000000000, 0.3258268833
1201, -2.9207525253, -5.0000000000, -0.4255115986
1202, 2.9104647636, -5.0000000000, 0.0042946339
1203, -3.5043911934, -5.0000000000, 0.8138675690
1204, -0.6620483398, -5.0000000000, 1.7931318283
1205, 4.5992164612, -5.0000000000, -1.5955579281
1206, -2.8992159367, -5.0000000000, -2.2947030067
1207, 3.6729164124, -5.0000000000, -2.2905838490
1208, 2.2099485397, -5.0000000000, 1.2896766663
1209, -3.8622627258, -5.0000000000, 1.1196169853
1210, 3.1350202560, -5.0000000000, -0.7794539928
1211, -2.3779659271, -5.0000000000, 0.0319187641
1212, 3.0676479340, -5.0000000000, -0.0218927860
1213, -4.1060743332, -5.0000000000, -1.0202291012
1214, -2.2395691872, -5.0000000000, -2.6159601212
1215, -2.2726027966, -5.0000000000, -0.8167603016
1216, -2.9161930084, -5.0000000000, -1.2571598291
1217, -0.3459029198, -5.0000000000, 1.3426856995
1218, 4.3299694061, -5.0000000000, -1.2425553799
1219, 2.1950945854, -5.0000000000, 0.0931253433
1220, 3.1189804077, -5.0000000000, -1.7651053667
1221, 2.2936429977, -5.0000000000, -2.5511155128
1222, -0.9546632767, -5.0000000000, -2.9014604092
1223, 2.4247169495, -5.0000000000, 0.2184028625
1224, -4.3579096794, -5.0000000000, -2.1733379364
1225, 3.5282917023, -5.0000000000, 0.4681117535
1226, -2.8193314075, -5.0000000000, 1.4199132919
1227, 2.5843057632, -5.0000000000, 1.5410733223
1228, -3.5752072334, -5.0000000000, -1.7067991495
1229, -3.4042813778, -5.0000000000, -0.6909923553
1230, -4.1932950020, -5.0000000000, -2.8998007774
1231, -3.7795348167, -5.0000000000, 1.6730685234
1232, -3.6431975365, -5.0000000000, 1.6440143585
1233, 0.1292538643, -5.0000000000, 0.5014822483
1234, -4.5879082680, -5.0000000000, -0.3391029835
1235, -1.2654004097, -5.0000000000, -1.1921056509
1236, 2.1672573090, -5.0000000000, -0.7794804573
1237, -1.9097380638, -5.0000000000, 0.6019990444
1238, 2.7666749954, -5.0000000000, -1.7094168663
1239, 3.4440689087, -5.0000000000, 0.1203417778
1240, -4.1381545067, -5.0000000000, -1.9507323503
1241, 2.2882609367, -5.0000000000, -1.0583130121
1242, -2.9258382320, -5.0000000000, -0.2189390659
1243, -2.4088256359, -5.0000000000, -1.6303666830
1244, -1.0245015621, -5.0000000000, 0.1587433815
1245, -0.7979679108, -5.0000000000, -1.8630057573
1246, 4.2811803818, -5.0000000000, -1.3529933691
1247, -4.2659158707, -5.0000000000, 0.8738505840
1248, -3.5521383286, -5.0000000000, 1.5031738281
1249, -4.6223416328, -5.0000000000, -2.7184190750
1250, 1.1724905968, -5.0000000000, -0.6282360554
1251, 0.3699431419, -5.0000000000, 1.0113968849
1252, -2.6400835514, -5.0000000000, 1.5935454369
1253, 0.3742594719, -5.0000000000, 1.9158091545
1254, 1.8196644783, -5.0000000000, -0.3139069080
1255, -1.4643855095, -5.0000000000, -0.2036218643
1256, -3.3592152596, -5.0000000000, -0.1524243355
1257, 0.1953525543, -5.0000000000, -2.6670022011
1258, -1.4441239834, -5.0000000000, -2.1790132523
1259, 4.5090351105, -5.0000000000, -2.2373657227
1260, 4.3505592346, -5.0000000000, -1.2669982910
1261, -2.0819251537, -5.0000000000, 0.4844114780
1262, 4.5604705811, -5.0000000000, -0.9011571407
1263, 4.7872705460, -5.0000000000, -1.9268672466
1264, 0.3817315102, -5.0000000000, 0.5417280197
1265, 0.5042424202, -5.0000000000, 1.3459405899
1266, 1.3794445992, -5.0000000000, -1.0656307936
1267, 0.9910492897, -5.0000000000, -2.1398980618
1268, 0.3290462494, -5.0000000000, 1.7569594383
1269, -2.5578844547, -5.0000000000, 1.5743980408
1270, -2.7159411907, -5.0000000000, -1.9280790091
1271, -2.5073077679, -5.0000000000, -2.4241964817
1272, -2.6033732891, -5.0000000000, 1.8968119621
1273, -1.1311719418, -5.0000000000, -2.6921072006
1274, -2.4778084755, -5.0000000000, -1.0490832329
1275, -2.6226005554, -5.0000000000, 1.8840208054
1276, -2.6119723320, -5.0000000000, -0.2807278633
1277, 1.2108960152, -5.0000000000, 0.4392800331
1278, -2.4245152473, -5.0000000000, -1.4973113537
1279, 0.8478670120, -5.0000000000, -0.6361501217
1280, 0.0300521851, -5.0000000000, -1.2456436157
1281, 4.1025972366, -5.0000000000, -0.7854790688
1282, 3.2502164841, -5.0000000000, -1.2639726400
1283, -3.9567451477, -5.0000000000, -1.1855973005
1284, 4.9896516800, -5.0000000000, 0.1435849667
1285, 2.9614648819, -5.0000000000, -0.1826767921
1286, 0.7989892960, -5.0000000000, 0.0402650833
1287, -1.9869055748, -5.0000000000, 0.7464787960
1288, 0.2636613846, -5.0000000000, 0.3410797119
1289, -4.5667572021, -5.0000000000, -0.6470680237
1290, -4.6679472923, -5.0000000000, -2.0058240891
1291, -4.3151626587, -5.0000000000, 0.3439052105
1292, -0.1524658203, -5.0000000000, -0.8082988262
1293, -0.5025882721, -5.0000000000, 1.9998555183
1294, 4.2883911133, -5.0000000000, 1.1419792175
1295, -2.0317981243, -5.0000000000, 0.6989362240
1296, 1.0170888901, -5.0000000000, -1.7977465391
1297, -1.3011431694, -5.0000000000, 1.0990781784
1298, -2.4542531967, -5.0000000000, 1.3061652184
1299, 1.8636808395, -5.0000000000, 0.2490775585
1300, -4.7369608879, -5.0000000000, 1.5299220085
1301, -1.1426837444, -5.0000000000, 1.7472724915
1302, -2.2146534920, -5.0000000000, -1.0854270458
1303, 4.9810571671, -5.0000000000, -0.0728805065
1304, 4.5186920166, -5.0000000000, 0.1517064571
1305, 3.6225051880, -5.0000000000, 1.3541507721
1306, 4.0030260086, -5.0000000000, 1.4714231491
1307, 1.4507784843, -5.0000000000, -0.5531902313
1308, 4.0873222351, -5.0000000000, -2.0696709156
1309, 4.5963888168, -5.0000000000, -1.3734186888
1310, 4.4847421646, -5.0000000000, -2.1946914196
1311, -3.2594280243, -5.0000000000, -1.7259825468
1312, -2.3042612076, -5.0000000000, -2.2853114605
1313, 2.9729104042, -5.0000000000, 1.1717433929
1314, -0.4975523949, -5.0000000000, 1.8042674065
1315, -2.4160039425, -5.0000000000, -1.4252601862
1316, -3.2722959518, -5.0000000000, -0.4871037006
1317, -0.4566540718, -5.0000000000, 1.1777272224
1318, -0.7029738426, -5.0000000000, -2.1509084702
1319, 1.0703616142, -5.0000000000, 1.8701972961
1320, -2.4060370922, -5.0000000000, -2.3475794792
1321, -1.5027315617, -5.0000000000, 1.3728528023
1322, -0.5576148033, -5.0000000000, 1.7864198685
1323, -4.9744429588, -5.0000000000, -0.9928081036
1324, 1.2745351791, -5.0000000000, 0.6951808929
1325, -0.0360589027, -5.0000000000, 1.8566761017
1326, 0.1996660233, -5.0000000000, -1.5854334831
1327, 1.5876069069, -5.0000000000, -0.2628626823
1328, 0.8758368492, -5.0000000000, -0.5331304073
1329, -0.7289643288, -5.0000000000, 1.8998656273
1330, -4.2006592751, -5.0000000000, -1.6186208725
1331, 0.3033776283, -5.0000000000, -0.1398384571
1332, -1.7117569447, -5.0000000000, 1.3534355164
1333, 4.7529020309, -5.0000000000, 0.6216840744
1334, -4.4333286285, -5.0000000000, 1.6032023430
1335, 4.1020116806, -5.0000000000, -0.8105461597
1336, -4.5117154121, -5.0000000000, 1.6822118759
1337, -3.3362312317, -5.0000000000, 0.9593498707
1338, 2.8964414597, -5.0000000000, -2.4882276058
1339, 4.9693021774, -5.0000000000, -1.6796585321
1340, -3.9046092033, -5.0000000000, 0.2507805824
1341, 2.0060110092, -5.0000000000, -0.0687587261
1342, 1.8945426941, -5.0000000000, 1.2681894302
1343, -3.4260878563, -5.0000000000, 1.2419781685
1344, -0.5094704628, -5.0000000000, -2.1439702511
1345, 2.5807557106, -5.0000000000, -1.0942623615
1346, 2.6596708298, -5.0000000000, -0.7848420143
1347, 1.9154567719, -5.0000000000, -2.4003381729
1348, 1.9925165176, -5.0000000000, -1.8893861771
1349, 2.0041670799, -5.0000000000, -2.0061130524
1350, 1.2223820686, -5.0000000000, -1.2698004246
1351, -2.2817537785, -5.0000000000, 0.8026511669
1352, 4.0695161819, -5.0000000000, -2.2779719830
1353, 0.5140948296, -5.0000000000, -0.5110361576
1354, 4.1461935043, -5.0000000000, -2.8000421524
1355, -3.4952983856, -5.0000000000, -2.8539218903
1356, -0.8738532066, -5.0000000000, -1.4296685457
1357, 4.8096265793, -5.0000000000, -0.8063642979
1358, 4.9153079987, -5.0000000000, 0.3223197460
1359, 0.2620315552, -5.0000000000, 1.5344729424
1360, 0.3827733994, -5.0000000000, 0.9416515827
1361, -2.0588936806, -5.0000000000, -2.8071825504
1362, 4.9191083908, -5.0000000000, 0.5164420605
1363, 2.1162290573, -5.0000000000, 0.8191623688
1364, -3.0536885262, -5.0000000000, 0.4912571907
1365, -3.0406429768, -5.0000000000, -1.7524826527
1366, 3.5456619263, -5.0000000000, -0.9027240276
1367, 0.3968391418, -5.0000000000, 0.3474564552
1368, -2.2431738377, -5.0000000000, 0.5189950466
1369, 1.9082889557, -5.0000000000, 1.6231536865
1370, 2.2730970383, -5.0000000000, 1.6830930710
1371, -4.2320551872, -5.0000000000, -2.6217961311
1372, -1.1837909222, -5.0000000000, 1.0900177956
1373, 2.0424141884, -5.0000000000, -1.2687375546
1374, -4.3817472458, -5.0000000000, -0.9659616947
1375, -3.9393250942, -5.0000000000, 1.0282239914
1376, 4.7158031464, -5.0000000000, -2.6633474827
1377, -2.6434514523, -5.0000000000, -1.5106585026
1378, 1.2286071777, -5.0000000000, -1.0383623838
1379, 4.5379686356, -5.0000000000, -0.0949323177
1380, 2.1238551140, -5.0000000000, -1.0920407772
1381, 3.8165540695, -5.0000000000, -2.1608443260
1382, 3.2751960754, -5.0000000000, -2.1750617027
1383, -3.9934480190, -5.0000000000, 0.9982836246
1384, -2.8131771088, -5.0000000000, -2.8353636265
1385, 3.9638175964, -5.0000000000, -2.9606659412
1386, 1.2015986443, -5.0000000000, 1.8516902924
1387, -3.7186939716, -5.0000000000, -1.9298529625
1388, -2.0292656422, -5.0000000000, -1.2889760733
1389, -2.7928490639, -5.0000000000, -1.7517410517
1390, 2.9617362022, -5.0000000000, -2.7573931217
1391, -4.1333723068, -5.0000000000, 1.4504609108
1392, 2.9536380768, -5.0000000000, -2.2934253216
1393, -4.7226796150, -5.0000000000, 1.7004365921
1394, 1.6722512245, -5.0000000000, -2.6282365322
1395, -0.0687980652, -5.0000000000, -1.1714606285
1396, -0.7187342644, -5.0000000000, 0.8884611130
1397, -2.7666659355, -5.0000000000, 0.7117879391
1398, -1.7763452530, -5.0000000000, -1.8610097170
1399, -2.1663334370, -5.0000000000, 0.4926970005
1400, -2.6876194477, -5.0000000000, -1.2710956335
1401, -1.7438590527, -5.0000000000, -0.5879473686
1402, -2.6355695724, -5.0000000000, -2.1623454094
1403, -2.4160592556, -5.0000000000, -1.2500329018
1404, 1.2162399292, -5.0000000000, -0.0008149147
1405, 1.5880908966, -5.0000000000, -0.9009075165
1406, 3.6669549942, -5.0000000000, -2.0290460587
1407, -2.4017345905, -5.0000000000, 1.0947751999
1408, 3.9040584564, -5.0000000000, -1.8825901747
1409, -3.1675224304, -5.0000000000, 0.4738180637
1410, 1.6953420639, -5.0000000000, -0.7971336842
1411, -3.2735297680, -5.0000000000, 1.7578625679
1412, 4.4495363235, -5.0000000000, -2.4889883995
1413, 0.0644178391, -5.0000000000, 1.5724177361
1414, 1.5518670082, -5.0000000000, -0.5483896732
1415, -3.5657193661, -5.0000000000, -1.1786707640
1416, 4.6858148575, -5.0000000000, 1.0258240700
1417, -2.5562260151, -5.0000000000, -1.6607811451
1418, 1.7068982124, -5.0000000000, -1.9078917503
1419, -4.3653564453, -5.0000000000, 0.9582171440
1420, 4.6719045639, -5.0000000000, 0.4257624149
1421, -0.0460181236, -5.0000000000, -0.9552299976
1422, -1.8443226814, -5.0000000000, -2.5819561481
1423, 1.4014711380, -5.0000000000, -2.1718170643
1424, 4.8616809845, -5.0000000000, -1.8745300770
1425, 4.4590539932, -5.0000000000, -1.6551779509
1426, 2.1476449966, -5.0000000000, -0.1351807117
1427, 2.8688473701, -5.0000000000, -1.3534933329
1428, -1.7072622776, -5.0000000000, -0.7758812904
1429, -0.2458519936, -5.0000000000, 0.7611942291
1430, 2.8594617844, -5.0000000000, -2.2386052608
1431, 1.6357231140, -5.0000000000, 1.3987073898
1432, 0.6028766632, -5.0000000000, 0.8028795719
1433, 1.6088275909, -5.0000000000, -1.5286571980
1434, -4.1798143387, -5.0000000000, 0.0122959614
1435, 1.0476078987, -5.0000000000, -1.6484049559
1436, -1.5546357632, -5.0000000000, 1.1021261215
1437, 0.4246220589, -5.0000000000, -2.2500352859
1438, 3.0937223434, -5.0000000000, 1.3359308243
1439, -3.6047570705, -5.0000000000, 0.9726512432
1440, 0.1714777946, -5.0000000000, -0.0919477940
1441, 2.0547084808, -5.0000000000, -1.5539777279
1442, -4.3492217064, -5.0000000000, -1.5640436411
1443, -1.8928172588, -5.0000000000, 1.1946301460
1444, 0.2232232094, -5.0000000000, 1.9847311974
1445, -4.9993515015, -5.0000000000, 1.0145673752
1446, -1.5002253056, -5.0000000000, -0.5028002262
1447, 4.6122694016, -5.0000000000, -1.0694603920
1448, -2.7628765106, -5.0000000000, -0.7439372540
1449, 2.6261882782, -5.0000000000, -0.4110577106
1450, -0.0738835335, -5.0000000000, -0.1965389252
1451, 2.2818660736, -5.0000000000, -2.7812769413
1452, -3.7798805237, -5.0000000000, -2.0918171406
1453, 2.0788445473, -5.0000000000, 0.0506963730
1454, 2.2738299370, -5.0000000000, 0.0821802616
1455, -0.1339364052, -5.0000000000, -2.8404283524
1456, -2.9058737755, -5.0000000000, -0.7996799946
1457, -3.7604255676, -5.0000000000, -2.0747132301
1458, 2.4470286369, -5.0000000000, -1.9041485786
1459, -3.0730392933, -5.0000000000, -0.0589635372
1460, 2.9029297829, -5.0000000000, 0.7784078121
1461, -2.8370230198, -5.0000000000, -0.5133500099
1462, 0.3242354393, -5.0000000000, 0.7043731213
1463, 1.0702261925, -5.0000000000, 0.1230432987
1464, -4.9216747284, -5.0000000000, 0.5978436470
1465, -1.4794740677, -5.0000000000, 0.9048082829
1466, 2.1288175583, -5.0000000000, -0.1190958023
1467, 1.7679624557, -5.0000000000, -2.1089286804
1468, 3.2806243896, -5.0000000000, -2.4688138962
1469, -1.0101685524, -5.0000000000, -0.0203859806
1470, 3.4447917938, -5.0000000000, -1.9054087400
1471, -2.0294060707, -5.0000000000, -2.8485774994
1472, 1.5035424232, -5.0000000000, -0.6962180138
1473, 1.9453787804, -5.0000000000, -0.0704979897
1474, -3.2439861298, -5.0000000000, 1.0559806824
1475, -0.6858897209, -5.0000000000, 0.0949771404
1476, 4.1592416763, -5.0000000000, -1.8783683777
1477, 3.8838386536, -5.0000000000, -0.7771997452
1478, -1.2272095680, -5.0000000000, -0.1472823620
1479, -0.5969796181, -5.0000000000, 1.5040564537
1480, 2.7207379341, -5.0000000000, 1.7621092796
1481, 1.5382814407, -5.0000000000, -1.3000005484
1482, 1.6017351151, -5.0000000000, 1.4255166054
1483, -3.3091239929, -5.0000000000, -0.8322458267
1484, -3.7649633884, -5.0000000000, -0.7826838493
1485, -2.2876241207, -5.0000000000, 1.5448579788
1486, -0.6260900497, -5.0000000000, 0.4878029823
1487, 4.9748296738, -5.0000000000, -1.2511454821
1488, 0.2990140915, -5.0000000000, -2.9981164932
1489, 0.2506051064, -5.0000000000, 0.5721900463
1490, -0.3322553635, -5.0000000000, -2.0671193600
1491, -4.8249692917, -5.0000000000, 1.5212917328
1492, -3.2045173645, -5.0000000000, -2.9451069832
1493, -1.2798824310, -5.0000000000, 1.7337136269
1494, -4.6314983368, -5.0000000000, -0.4223277569
1495, 0.5001235008, -5.0000000000, 0.1614696980
1496, -0.6479134560, -5.0000000000, 1.4551854134
1497, -1.6309893131, -5.0000000000, -2.4955782890
1498, 1.5949072838, -5.0000000000, 1.3160448074
1499, -3.8045763969, -5.0000000000, -0.8881363869
1500, 0.8123908043, 5.0000000000, -2.0337791443
1501, 4.2033462524, 5.0000000000, -1.0494409800
1502, -0.6235599518, 5.0000000000, 1.5297942162
1503, -3.8848845959, 5.0000000000, -2.6187565327
1504, 4.4395914078, 5.0000000000, -0.2502398491
1505, 4.3390617371, 5.0000000000, -0.7662103176
1506, -4.6726050377, 5.0000000000, 1.1764655113
1507, 3.4684705734, 5.0000000000, -0.6370217800
1508, 2.8291411400, 5.0000000000, -1.9811517000
1509, 4.1176891327, 5.0000000000, -2.7598290443
1510, -4.9549283981, 5.0000000000, -2.3572399616
1511, 1.9849553108, 5.0000000000, -0.5822620392
1512, -0.5460448265, 5.0000000000, 0.7712342739
1513, -1.7791392803, 5.0000000000, 1.0390133858
1514, 3.0269489288, 5.0000000000, 1.4772872925
1515, 0.3847541809, 5.0000000000, 0.8806512356
1516, 2.5936369896, 5.0000000000, 0.3462116718
1517, 3.0736856461, 5.0000000000, -1.4180003405
1518, 0.3482427597, 5.0000000000, -0.8608384132
1519, 3.8478145599, 5.0000000000, -1.2232114077
1520, 4.7035989761, 5.0000000000, 1.9474411011
1521, -1.3942747116, 5.0000000000, 1.1602811813
1522, 1.2373461723, 5.0000000000, 0.1680483818
1523, 1.8815307617, 5.0000000000, 0.8803434372
1524, -4.8888354301, 5.0000000000, -0.5880205631
1525, -2.4676041603, 5.0000000000, -1.9978115559
1526, 0.3973045349, 5.0000000000, 1.2449922562
1527, 4.5226593018, 5.0000000000, 0.2831912041
1528, 1.8555583954, 5.0000000000, 0.3182537556
1529, 4.8177976608, 5.0000000000, 1.0844469070
1530, 1.9328913689, 5.0000000000, -2.7655823231
1531, -4.4593682289, 5.0000000000, 0.2646648884
1532, 1.0871038437, 5.0000000000, -0.1181349754
1533, 1.5079755783, 5.0000000000, 1.5911779404
1534, -0.4521245956, 5.0000000000, -0.0543313026
1535, -0.5402326584, 5.0000000000, -0.1518795490
1536, 1.8859248161, 5.0000000000, -2.8574011326
1537, 2.2671394348, 5.0000000000, -1.1692718267
1538, 3.6564693451, 5.0000000000, -1.2346220016
1539, 3.0842227936, 5.0000000000, -2.8595943451
1540, 3.8484048843, 5.0000000000, 1.3472056389
1541, -1.3108797073, 5.0000000000, -2.2637181282
1542, -4.8366198540, 5.0000000000, 1.4843249321
1543, -2.0688202381, 5.0000000000, -0.0935347080
1544, 3.4374647141, 5.0000000000, -2.5016751289
1545, -2.8038966656, 5.0000000000, -2.3689734936
1546, -4.4471478462, 5.0000000000, 0.2916402817
1547, -3.0337762833, 5.0000000000, 1.5808992386
1548, 2.1115698814, 5.0000000000, 1.6796507835
1549, -3.6073536873, 5.0000000000, -2.9579858780
1550, 1.4032540321, 5.0000000000, 0.3317818642
1551, 0.1919512749, 5.0000000000, -2.3078310490
1552, 0.6952428818, 5.0000000000, -2.0226278305
1553, -3.5609970093, 5.0000000000, 1.5522308350
1554, 4.4394760132, 5.0000000000, -2.3624866009
1555, 0.7010192871, 5.0000000000, -1.5338772535
1556, -3.0439236164, 5.0000000000, 0.1794431210
1557, -2.6262202263, 5.0000000000, 1.9948463440
1558, 3.7420005798, 5.0000000000, 1.3623447418
1559, -2.5862829685, 5.0000000000, -0.2722239494
1560, 3.6778392792, 5.0000000000, -2.7910487652
1561, -0.3724451065, 5.0000000000, -1.1638234854
1562, -2.7491836548, 5.0000000000, 0.6711966991
1563, -2.4017486572, 5.0000000000, 1.6161842346
1564, 3.4685325623, 5.0000000000, 1.3917374611
1565, 3.3645162582, 5.0000000000, 1.2772593498
1566, 2.4810557365, 5.0000000000, -0.3624238968
1567, 3.6493387222, 5.0000000000, -2.4087610245
1568, 4.2932310104, 5.0000000000, 1.3696713448
1569, -4.5746726990, 5.0000000000, 0.9801390171
1570, 0.8965425491, 5.0000000000, 0.4587774277
1571, -1.7777440548, 5.0000000000, -0.9159069061
1572, -3.9979915619, 5.0000000000, -1.0284224749
1573, -3.4735565186, 5.0000000000, -0.1450393200
1574, -3.3344764709, 5.0000000000, -0.5949587822
1575, 0.3206524849, 5.0000000000, -1.9414236546
1576, -4.1949176788, 5.0000000000, 0.1084129810
1577, 4.5832452774, 5.0000000000, 0.7237846851
1578, -3.4505925179, 5.0000000000, -2.2228517532
1579, 4.7256288528, 5.0000000000, -0.7472746372
1580, 1.8653512001, 5.0000000000, -1.1811759472
1581, -0.4687805176, 5.0000000000, -0.8569850922
1582, 0.7422251701, 5.0000000000, 0.4357652664
1583, -0.8998360634, 5.0000000000, -1.9745067358
1584, -0.1572036743, 5.0000000000, -1.7439392805
1585, 1.3479490280, 5.0000000000, -2.1854712963
1586, -2.5873231888, 5.0000000000, -1.5543706417
1587, -1.0524146557, 5.0000000000, 0.8364143372
1588, 3.0118446350, 5.0000000000, -2.3605022430
1589, 2.4726095200, 5.0000000000, -1.0061588287
1590, -3.0684213638, 5.0000000000, -1.5622692108
1591, -0.7432169914, 5.0000000000, -0.8338248730
1592, 3.0673208237, 5.0000000000, -1.4356350899
1593, -3.6640825272, 5.0000000000, 1.0992522240
1594, 0.8101315498, 5.0000000000, -2.8049705029
1595, 1.1238651276, 5.0000000000, -1.2614501715
1596, -3.9430670738, 5.0000000000, -2.0595414639
1597, 1.1274690628, 5.0000000000, -2.5442790985
1598, 1.6100187302, 5.0000000000, 0.3124976158
1599, 0.3241991997, 5.0000000000, -1.2565010786
1600, 3.4051771164, 5.0000000000, -1.0829960108
1601, 2.7108764648, 5.0000000000, -2.8192393780
1602, -0.1358566284, 5.0000000000, 1.5687241554
1603, 4.5458354950, 5.0000000000, -1.2140465975
1604, 0.3464756012, 5.0000000000, -0.0411973000
1605, -3.0246181488, 5.0000000000, -2.0462243557
1606, 1.9353275299, 5.0000000000, -0.6427648067
1607, -3.7032074928, 5.0000000000, -0.1536679268
1608, -0.4426465034, 5.0000000000, 0.9706597328
1609, 4.2296552658, 5.0000000000, -1.5490659475
1610, -2.8229646683, 5.0000000000, -0.5931363106
1611, -1.9174396992, 5.0000000000, -2.3288319111
1612, 0.8207898140, 5.0000000000, -0.1139338017
1613, -3.8534004688, 5.0000000000, -1.7536087036
1614, -3.7437086105, 5.0000000000, -1.2195562124
1615, -3.8250327110, 5.0000000000, -2.9781217575
1616, -1.9382107258, 5.0000000000, -0.2467305660
1617, 0.9015803337, 5.0000000000, -0.9848361015
1618, -2.7439367771, 5.0000000000, 0.0798797607
1619, -3.6043376923, 5.0000000000, -1.7226905823
1620, -2.4396681786, 5.0000000000, -0.7417237759
1621, 1.3327999115, 5.0000000000, -2.2013823986
1622, -0.6836905479, 5.0000000000, -1.0897605419
1623, 3.6891784668, 5.0000000000, 1.9839730263
1624, 2.8034138680, 5.0000000000, 0.3278546333
1625, 1.7830548286, 5.0000000000, -0.8805954456
1626, -0.1253805161, 5.0000000000, 1.0569028854
1627, 2.3522319794, 5.0000000000, -1.6290730238
1628, 0.6231675148, 5.0000000000, 1.1747918129
1629, 2.0542225838, 5.0000000000, -1.4934890270
1630, 4.8691463470, 5.0000000000, -2.4762697220
1631, -1.9716951847, 5.0000000000, -1.1048915386
1632, -2.0705280304, 5.0000000000, -1.3575620651
1633, -3.7765524387, 5.0000000000, -2.1579697132
1634, -3.5912725925, 5.0000000000, -2.1064479351
1635, -3.4275603294, 5.0000000000, -0.4824945927
1636, 0.5791015625, 5.0000000000, 0.0926299095
1637, 0.0201978683, 5.0000000000, 0.8129785061
1638, -4.8943271637, 5.0000000000, -2.4753546715
1639, 3.0181064606, 5.0000000000, 1.4558148384
1640, -1.5605931282, 5.0000000000, 1.1175975800
1641, 1.4153347015, 5.0000000000, -2.4028923512
1642, 2.0323796272, 5.0000000000, -0.6518819332
1643, -3.8620226383, 5.0000000000, 0.5335302353
1644, -1.0668251514, 5.0000000000, 0.4996693134
1645, 4.7604331970, 5.0000000000, 0.9486968517
1646, 4.0719270706, 5.0000000000, -0.3651666641
1647, -3.6965932846, 5.0000000000, -0.4222249985
1648, -1.9618144035, 5.0000000000, 0.0100743771
1649, 1.7710123062, 5.0000000000, -1.0909855366
1650, 2.6609821320, 5.0000000000, -1.3103259802
1651, 0.7621502876, 5.0000000000, 0.2900753021
1652, 0.3187627792, 5.0000000000, -2.2870545387
1653, 1.1421904564, 5.0000000000, -2.0500802994
1654, -1.5683133602, 5.0000000000, 0.6371326447
1655, 0.1794219017, 5.0000000000, -2.3470587730
1656, -0.4619350433, 5.0000000000, 1.3892803192
1657, -3.8967967033, 5.0000000000, 1.5087113380
1658, -2.7073049545, 5.0000000000, -0.1334660053
1659, 1.7662324905, 5.0000000000, 0.9377152920
1660, -3.2311053276, 5.0000000000, -0.0338869095
1661, -3.1379895210, 5.0000000000, 1.7181797028
1662, -2.2885563374, 5.0000000000, -0.6523938179
1663, -1.0853166580, 5.0000000000, -1.7347815037
1664, -0.3040447235, 5.0000000000, 1.6293716431
1665, -4.2359352112, 5.0000000000, -0.0694253445
1666, 1.1419067383, 5.0000000000, 0.7694900036
1667, -1.3036906719, 5.0000000000, -1.6222522259
1668, -0.1876726151, 5.0000000000, -2.4621589184
1669, -1.8676106930, 5.0000000000, 1.5525379181
1670, 1.1235547066, 5.0000000000, -2.0246009827
1671, -2.8529942036, 5.0000000000, 0.1060934067
1672, -1.4560556412, 5.0000000000, -1.1822830439
1673, -3.5893859863, 5.0000000000, -1.9208459854
1674, -4.9116177559, 5.0000000000, -2.0364892483
1675, 1.3587508202, 5.0000000000, 0.0470674038
1676, 1.4706158638, 5.0000000000, -0.8926043510
1677, 0.8822898865, 5.0000000000, -1.1337629557
1678, 4.4348649979, 5.0000000000, -0.5918958187
1679, 2.8840074539, 5.0000000000, -2.9067959785
1680, -2.5216677189, 5.0000000000, -1.9576377869
1681, -3.8323168755, 5.0000000000, 0.9094998837
1682, -1.5206410885, 5.0000000000, 1.6757054329
1683, -2.1591196060, 5.0000000000, -2.2550253868
1684, 1.6279106140, 5.0000000000, -1.2338553667
1685, -2.4381992817, 5.0000000000, -2.0834827423
1686, 1.5809850693, 5.0000000000, -2.9518601894
1687, -4.3263754845, 5.0000000000, 1.9316587448
1688, 3.4612960815, 5.0000000000, 0.9636130333
1689, -1.0250942707, 5.0000000000, 1.3430752754
1690, -2.2144546509, 5.0000000000, -2.2020404339
1691, 2.9670262337, 5.0000000000, 1.5715231895
1692, -3.3856465816, 5.0000000000, 1.0374588966
1693, -4.6173911095, 5.0000000000, 0.1618883610
1694, 1.9198021889, 5.0000000000, -1.4856383801
1695, -4.5319170952, 5.0000000000, -0.8378512859
1696, 0.0018820763, 5.0000000000, 1.6364631653
1697, 2.5652880669, 5.0000000000, 0.3527252674
1698, -4.5474691391, 5.0000000000, -2.8716173172
1699, -2.6353795528, 5.0000000000, -2.6190812588
1700, -0.7699217796, 5.0000000000, -0.4137279987
1701, -4.4142484665, 5.0000000000, -1.9638310671
1702, -3.7735631466, 5.0000000000, 0.6542055607
1703, -0.7110228539, 5.0000000000, -2.8572833538
1704, 1.6349544525, 5.0000000000, -1.3144298792
1705, 4.7959880829, 5.0000000000, -1.1730897427
1706, -3.2983467579, 5.0000000000, 0.4801433086
1707, -1.7487843037, 5.0000000000, 0.3730750084
1708, -0.9525175095, 5.0000000000, -2.5585677624
1709, 0.7840805054, 5.0000000000, 0.5766718388
1710, -3.4050116539, 5.0000000000, 0.7061281204
1711, -1.5959589481, 5.0000000000, -2.0758309364
1712, 2.9214191437, 5.0000000000, -1.6527127028
1713, 0.6448588371, 5.0000000000, -1.0045392513
1714, -3.2516095638, 5.0000000000, -1.6162880659
1715, 3.4484338760, 5.0000000000, -0.9783122540
1716, -2.1183934212, 5.0000000000, -0.6281037331
1717, -0.8754134178, 5.0000000000, -0.5543534756
1718, -4.6058454514, 5.0000000000, -1.1179928780
1719, 2.5064764023, 5.0000000000, 0.9703233242
1720, 2.8557872772, 5.0000000000, -1.1978507042
1721, 0.4241681099, 5.0000000000, -0.4533464909
1722, -3.5494771004, 5.0000000000, -0.2863845825
1723, 4.0336542130, 5.0000000000, -2.8250248432
1724, -0.2836227417, 5.0000000000, 1.8999061584
1725, 4.5806074142, 5.0000000000, 1.2365403175
1726, -0.4571413994, 5.0000000000, -0.6310276985
1727, -3.9305937290, 5.0000000000, 0.8371608257
1728, -0.2902708054, 5.0000000000, -2.0080323219
1729, -0.2140655518, 5.0000000000, 0.2390339375
1730, 0.2919945717, 5.0000000000, -1.6675310135
1731, 1.2978405952, 5.0000000000, -0.7262995243
1732, 1.4015688896, 5.0000000000, -2.1050796509
1733, -4.6928920746, 5.0000000000, 1.8825721741
1734, -2.1606912613, 5.0000000000, 0.6780960560
1735, 0.4855413437, 5.0000000000, 1.5531129837
1736, -2.8719789982, 5.0000000000, -1.1835261583
1737, -2.5879411697, 5.0000000000, -2.9592971802
1738, -4.5714669228, 5.0000000000, -1.1659481525
1739, -3.3807704449, 5.0000000000, 0.9825229645
1740, 2.1208524704, 5.0000000000, -2.7376277447
1741, -4.6089353561, 5.0000000000, -1.3829824924
1742, -4.0968360901, 5.0000000000, 1.0010929108
1743, -0.9465246201, 5.0000000000, -0.3349604607
1744, -3.7296805382, 5.0000000000, 0.5313425064
1745, -2.0435638428, 5.0000000000, -2.3130497932
1746, 1.9361009598, 5.0000000000, -2.9755506516
1747, 3.6384897232, 5.0000000000, -0.2572669983
1748, -1.5547015667, 5.0000000000, 1.2195625305
1749, -3.7561507225, 5.0000000000, 0.5380887985
1750, 4.3884277344, 5.0000000000, -2.4475440979
1751, -0.4592857361, 5.0000000000, 1.8226828575
1752, 4.5058412552, 5.0000000000, -1.3312554359
1753, 3.5481224060, 5.0000000000, -1.1761707067
1754, 2.9659152031, 5.0000000000, -2.1803898811
1755, 3.8053236008, 5.0000000000, -1.1686881781
1756, 2.5164427757, 5.0000000000, -2.1477277279
1757, -1.3967797756, 5.0000000000, -0.2300770283
1758, -4.3652706146, 5.0000000000, -0.5291087627
1759, -4.3513875008, 5.0000000000, -1.0677372217
1760, -1.3314447403, 5.0000000000, -1.0144628286
1761, 2.3685383797, 5.0000000000, 1.4844455719
1762, -3.6126022339, 5.0000000000, 0.8788604736
1763, 1.8701643944, 5.0000000000, 1.9117956161
1764, 3.4458847046, 5.0000000000, -1.4681664705
1765, -0.8852553368, 5.0000000000, -0.9577350616
1766, 2.2069139481, 5.0000000000, -0.2700068951
1767, 0.9227614403, 5.0000000000, 1.3515582085
1768, 3.1876649857, 5.0000000000, 1.9770574570
1769, 2.2500309944, 5.0000000000, 1.0106477737
1770, -2.8514642715, 5.0000000000, -0.1707482338
1771, -3.0463259220, 5.0000000000, -2.3387427330
1772, 1.9401550293, 5.0000000000, 0.0798056126
1773, -4.2392764091, 5.0000000000, -0.0255682468
1774, 3.4511737823, 5.0000000000, 1.9904804230
1775, -0.0804772377, 5.0000000000, -2.4486086369
1776, -2.0694992542, 5.0000000000, 1.2985167503
1777, -1.9783494473, 5.0000000000, -0.6127398014
1778, -2.9762866497, 5.0000000000, -1.9380970001
1779, 0.1206216812, 5.0000000000, 0.6453847885
1780, -1.4955930710, 5.0000000000, -0.8720457554
1781, -4.7409791946, 5.0000000000, 0.3669958115
1782, -2.5785589218, 5.0000000000, 0.1132256985
1783, 4.5191736221, 5.0000000000, 1.8232226372
1784, -0.5443749428, 5.0000000000, -0.5704579353
1785, -4.4007186890, 5.0000000000, -1.0198522806
1786, 1.5368313789, 5.0000000000, 0.2829875946
1787, -3.8677880764, 5.0000000000, -2.8014376163
1788, 4.3810977936, 5.0000000000, -1.7432110310
1789, 4.4166564941, 5.0000000000, -0.0074503422
1790, -0.2825651169, 5.0000000000, -1.3154202700
1791, -3.8508305550, 5.0000000000, -0.6726861000
1792, -4.0857133865, 5.0000000000, -2.5198788643
1793, -0.3657951355, 5.0000000000, 1.6646256447
1794, 0.9643268585, 5.0000000000, -2.4514839649
1795, -3.3226981163, 5.0000000000, -1.7103677988
1796, 1.1815934181, 5.0000000000, -1.7898848057
1797, -1.4282481670, 5.0000000000, -2.4527730942
1798, -3.2403244972, 5.0000000000, -0.4611916542
1799, -3.2335636616, 5.0000000000, -1.2666039467
1800, 4.8660821915, 5.0000000000, -2.0453999043
1801, -4.1209921837, 5.0000000000, -2.9989101887
1802, 4.3908948898, 5.0000000000, -1.9387686253
1803, -0.8637218475, 5.0000000000, 0.5230579376
1804, 3.7729835510, 5.0000000000, -0.6956818104
1805, -3.3243145943, 5.0000000000, -1.6830364466
1806, -4.0455136299, 5.0000000000, -1.4157145023
1807, -4.4238920212, 5.0000000000, -1.8396618366
1808, 0.9914102554, 5.0000000000, -1.4399435520
1809, 2.3355236053, 5.0000000000, 0.7843964100
1810, -0.8591809273, 5.0000000000, 1.8608078957
1811, 1.7342634201, 5.0000000000, -0.3249473572
1812, 1.2783694267, 5.0000000000, 1.8712534904
1813, 2.3386721611, 5.0000000000, -1.8375327587
1814, -2.6221449375, 5.0000000000, -0.3291332722
1815, -2.5806348324, 5.0000000000, -2.1799018383
1816, -1.6088583469, 5.0000000000, 1.5561056137
1817, -0.3805575371, 5.0000000000, -0.2473409176
1818, -0.0932774544, 5.0000000000, -0.2036602497
1819, 1.8904809952, 5.0000000000, 1.7627291679
1820, 4.9151811600, 5.0000000000, -2.0928883553
1821, -4.9804549217, 5.0000000000, -2.0476481915
1822, 2.4012284279, 5.0000000000, 1.6692347527
1823, 1.4475793839, 5.0000000000, 0.8133962154
1824, 3.0164327621, 5.0000000000, 0.8514268398
1825, -1.3983554840, 5.0000000000, 0.3959565163
1826, -0.1690549850, 5.0000000000, 0.3121182919
1827, -2.4723486900, 5.0000000000, 1.8756871223
1828, 2.3091320992, 5.0000000000, -2.9477450848
1829, -2.4018962383, 5.0000000000, -2.7713921070
1830, -2.3172500134, 5.0000000000, -0.3368544579
1831, -1.2296850681, 5.0000000000, 1.3065233231
1832, -2.6513390541, 5.0000000000, -2.9907002449
1833, -2.4515707493, 5.0000000000, -2.0581746101
1834, 4.3171272278, 5.0000000000, -1.8717525005
1835, -3.1414878368, 5.0000000000, 1.8564591408
1836, 1.3695063591, 5.0000000000, -0.5702338219
1837, 0.0828070641, 5.0000000000, -1.2681926489
1838, -1.3883450031, 5.0000000000, 1.4772119522
1839, 0.0166392326, 5.0000000000, 1.1457033157
1840, -0.5418224335, 5.0000000000, 1.9245772362
1841, 0.6399540901, 5.0000000000, -0.7034435272
1842, 4.3251409531, 5.0000000000, -1.5761058331
1843, -0.5396013260, 5.0000000000, -0.7634294033
1844, 0.9319601059, 5.0000000000, 0.0147480965
1845, 2.6557936668, 5.0000000000, -1.8158241510
1846, -1.2660572529, 5.0000000000, 1.2193341255
1847, 4.7026987076, 5.0000000000, -2.9335310459
1848, 0.2647747993, 5.0000000000, -0.1814644337
1849, 0.8033828735, 5.0000000000, -1.1370357275
1850, 4.4266185760, 5.0000000000, 1.9984164238
1851, -1.2332031727, 5.0000000000, 0.2156085968
1852, -2.7165229321, 5.0000000000, 0.3101139069
1853, -0.3427762985, 5.0000000000, -1.4647390842
1854, 2.6935038567, 5.0000000000, -2.6455259323
1855, 3.9007415771, 5.0000000000, 0.0392138958
1856, 1.0887446404, 5.0000000000, -2.8560237885
1857, 1.2529454231, 5.0000000000, 1.1538405418
1858, -1.8924686909, 5.0000000000, -1.4192961454
1859, 0.0429601669, 5.0000000000, -2.4344494343
1860, -3.7592334747, 5.0000000000, -0.0035450459
1861, -0.5866608620, 5.0000000000, 1.8147072792
1862, -4.8493180275, 5.0000000000, 0.3424777985
1863, -3.0931663513, 5.0000000000, 1.4474205971
1864, 4.5632944107, 5.0000000000, -0.6815881729
1865, -2.2967650890, 5.0000000000, -2.8413965702
1866, 0.7364897728, 5.0000000000, -1.4035857916
1867, 2.2850070000, 5.0000000000, -0.8026504517
1868, 3.4179992676, 5.0000000000, -0.9755067825
1869, -3.8254961967, 5.0000000000, 0.9748382568
1870, -2.7908151150, 5.0000000000, 0.3149325848
1871, 2.5414838791, 5.0000000000, 0.7439622879
1872, -4.2122459412, 5.0000000000, -0.3238980770
1873, 2.9737095833, 5.0000000000, -2.7869257927
1874, 3.5077228546, 5.0000000000, -0.4675023556
1875, 3.5818166733, 5.0000000000, 1.5159072876
1876, -1.8214135170, 5.0000000000, 0.7883231640
1877, 4.7088642120, 5.0000000000, 1.5749330521
1878, 2.5832695961, 5.0000000000, -2.5850603580
1879, 2.5709757805, 5.0000000000, -1.0873036385
1880, 0.2307281494, 5.0000000000, 1.1758112907
1881, -3.3854970932, 5.0000000000, -1.1772387028
1882, 0.6848549843, 5.0000000000, -1.3854070902
1883, 1.5997600555, 5.0000000000, -1.7111966610
1884, -4.1273822784, 5.0000000000, -0.7972609997
1885, 4.4474229813, 5.0000000000, -1.5099598169
1886, 2.8857483864, 5.0000000000, -2.8286600113
1887, -2.9861459732, 5.0000000000, 1.9468684196
1888, 2.3898186684, 5.0000000000, -1.1372256279
1889, -4.2842140198, 5.0000000000, -1.3185552359
1890, 0.0591731071, 5.0000000000, -0.3579587936
1891, 2.1577982903, 5.0000000000, 1.9000720978
1892, 0.2616963387, 5.0000000000, -1.6112047434
1893, -4.7770881653, 5.0000000000, 1.0100564957
1894, 2.6937103271, 5.0000000000, 0.1732892990
1895, 3.0137596130, 5.0000000000, -0.0814476013
1896, 2.9397854805, 5.0000000000, 1.5121388435
1897, 1.6542143822, 5.0000000000, -0.3189842701
1898, 4.4635553360, 5.0000000000, 1.8481268883
1899, 3.6078119278, 5.0000000000, 1.3358445168
1900, -2.7934904099, 5.0000000000, -0.8069481850
1901, -1.2056851387, 5.0000000000, 0.6609382629
1902, 3.9940137863, 5.0000000000, 1.9987769127
1903, -2.0235798359, 5.0000000000, -0.3906793594
1904, 1.5672888756, 5.0000000000, 0.3406934738
1905, -3.0547475815, 5.0000000000, 0.8629078865
1906, 4.6486330032, 5.0000000000, -1.5518195629
1907, 3.2943267822, 5.0000000000, 0.4179167747
1908, 3.7726840973, 5.0000000000, -0.5018966198
1909, -3.1663441658, 5.0000000000, 0.0613212585
1910, -2.3704400063, 5.0000000000, -1.4747685194
1911, -1.0585625172, 5.0000000000, -1.4508243799
1912, 2.1834540367, 5.0000000000, -2.2259802818
1913, 0.4841618538, 5.0000000000, 0.8434429169
1914, -2.8852934837, 5.0000000000, -0.9813315868
1915, -2.9788863659, 5.0000000000, -2.0939846039
1916, 2.9752459526, 5.0000000000, 1.0312862396
1917, -2.1297488213, 5.0000000000, 0.9276340008
1918, 1.0614480972, 5.0000000000, 0.4456493855
1919, 2.1864695549, 5.0000000000, 0.3588757515
1920, -0.5961656570, 5.0000000000, 1.7367663383
1921, 2.5551600456, 5.0000000000, -0.7210216522
1922, -3.7539031506, 5.0000000000, -1.8251068592
1923, -1.9920637608, 5.0000000000, 0.0335707664
1924, 1.0273871422, 5.0000000000, 0.5634980202
1925, 4.0358190536, 5.0000000000, -1.2132374048
1926, 2.6295075417, 5.0000000000, -2.7996206284
1927, -3.0956325531, 5.0000000000, 0.2632024288
1928, -0.7670736313, 5.0000000000, -0.6437606812
1929, 0.1093811989, 5.0000000000, 0.5157139301
1930, -4.2459416389, 5.0000000000, -2.1216163635
1931, -0.8103332520, 5.0000000000, -1.8819619417
1932, 4.3672208786, 5.0000000000, -1.8044024706
1933, 0.4956851006, 5.0000000000, -1.9459909201
1934, -2.3000190258, 5.0000000000, 1.9961962700
1935, 4.5580425262, 5.0000000000, 1.4801521301
1936, -3.1687150002, 5.0000000000, 1.1151046753
1937, -3.5708336830, 5.0000000000, -2.2645115852
1938, -4.5181422234, 5.0000000000, -2.5609736443
1939, -4.2198228836, 5.0000000000, -0.2231440544
1940, -1.1845977306, 5.0000000000, -2.4794645309
1941, -2.0234541893, 5.0000000000, 1.1726746559
1942, 0.3608469963, 5.0000000000, -0.9586668015
1943, 3.2732524872, 5.0000000000, 0.3042037487
1944, 1.8102593422, 5.0000000000, 0.2770287991
1945, 3.3967523575, 5.0000000000, -0.2196490765
1946, 0.0470046997, 5.0000000000, -2.6036851406
1947, -2.6610860825, 5.0000000000, 0.1226391792
1948, -1.4109058380, 5.0000000000, -1.2084742785
1949, -3.6375596523, 5.0000000000, -2.9847199917
1950, 1.1169767380, 5.0000000000, -0.5346457958
1951, 4.4325628281, 5.0000000000, 1.2944159508
1952, -2.3112158775, 5.0000000000, -1.3744440079
1953, 1.4515981674, 5.0000000000, -2.1909046173
1954, -1.0994553566, 5.0000000000, -1.6489475965
1955, 1.6336941719, 5.0000000000, 1.8658971786
1956, -4.2467031479, 5.0000000000, -2.4913661480
1957, -0.0937409401, 5.0000000000, -0.8695440292
1958, 2.0021414757, 5.0000000000, 1.4089207649
1959, 4.9229631424, 5.0000000000, -0.8831903934
1960, -1.0940921307, 5.0000000000, -2.1458847523
1961, 4.9961395264, 5.0000000000, -2.1992199421
1962, -3.7081024647, 5.0000000000, -2.8452813625
1963, 2.5549583435, 5.0000000000, -2.9651968479
1964, -1.0252490044, 5.0000000000, -2.5925254822
1965, 2.8936958313, 5.0000000000, -0.8813660145
1966, -0.2247595787, 5.0000000000, -2.4075980186
1967, 1.2725653648, 5.0000000000, 0.8084511757
1968, -3.5044331551, 5.0000000000, -1.9769653082
1969, -3.5495195389, 5.0000000000, -0.6134843826
1970, 1.6529569626, 5.0000000000, 0.2005374432
1971, 4.2339859009, 5.0000000000, 1.8601574898
1972, -2.9325327873, 5.0000000000, -0.7489690781
1973, 3.0585470200, 5.0000000000, -2.9157536030
1974, -3.1077463627, 5.0000000000, 1.6703791618
1975, 3.1677045822, 5.0000000000, -0.6805381775
1976, 0.2536840439, 5.0000000000, -2.8065431118
1977, 4.9318037033, 5.0000000000, -0.5388622284
1978, -2.7136633396, 5.0000000000, -1.9386876822
1979, -2.6702892780, 5.0000000000, 0.7612850666
1980, 0.8914389610, 5.0000000000, 0.6881175041
1981, -3.5883705616, 5.0000000000, -1.8821873665
1982, -2.3405895233, 5.0000000000, 0.3189406395
1983, -3.0798430443, 5.0000000000, -1.7884781361
1984, -3.6162457466, 5.0000000000, -0.0233767033
1985, 4.9987096786, 5.0000000000, -0.7910737991
1986, -2.4437685013, 5.0000000000, -1.2368092537
1987, 1.2186379433, 5.0000000000, -1.6751313210
1988, 1.7703919411, 5.0000000000, -2.5809886456
1989, 2.8013629913, 5.0000000000, 1.3539857864
1990, -1.6593883038, 5.0000000000, 1.5852632523
1991, -3.7027616501, 5.0000000000, 0.1932015419
1992, 4.8794794083, 5.0000000000, -1.4149572849
1993, 0.8342723846, 5.0000000000, 0.2398819923
1994, -1.2841260433, 5.0000000000, -1.5096989870
1995, -2.9263014793, 5.0000000000, -2.3397824764
1996, 0.4725713730, 5.0000000000, 0.3973693848
1997, -0.2129950523, 5.0000000000, 1.3708877563
1998, -3.7250986099, 5.0000000000, -1.9920197725
1999, -3.4811797142, 5.0000000000, -1.5779318810
